size,text
240.5816661,咖啡 
203.1306205,牛肉麵
180.3733947,料理
180,牛肉
176.391141,義大利
165.3190787,麵包
163.2747659,乳酪
160.5272213,蛋糕
156.3269035,蛋黃
154.2379602,豆漿
146.3043929,店家
137.650216,巧克力
136.9937576,午餐
133.9797709,柚子
133.9434917,error
131.5324286,檸檬
129.5551957,板橋
126.2332676,長興
121.5875916,nt
119.5894114,冷熱
117.4005051,老闆
117.2421795,起來
117.2397741,推薦
117.2268236,覺得
115.2003093,用餐
114.9666327,搭配
114.2700118,非常
113.6490233,拉麵
113.166028,口感
112.9455552,涼麵
112.8771238,merci
112.5769383,豬肉
112.0187703,xd
111.4056531,相當
111.2956612,jpg
111.04196,口味
109.7200319,朋友
106,沙拉
105.3666365,飲料
104.0023854,高雄
103.6802784,好吃
102.2557339,奶油
101.262877,味道
100.4665352,特別
99.06770575,一起
98.000273,部分
97.5671863,大家
97.53353475,湯頭
96.59960534,比較
96.49638761,這家
96.49638761,知道
96.11898009,trattoria
96,這次
95.91253169,系列
94.74026093,漢堡
94.5865539,早餐
93.79614208,提供
93.31225057,看到
93.29294628,台灣
93.01398666,wt
92.8771238,燒肉
92.50950926,不錯
92.34831256,鮭魚
92.07603043,建築
91.09640474,法式
90.76048999,蕃茄
90.76048999,無業
90.67049701,份量
90.65437221,沒有
90.40918906,應該
89.65796208,菜單
89.4737672,雞肉
88.85925246,其實
88.78152832,不同
88.64936102,可愛
88.5852453,台北市
87.58289901,店員
87.58289901,海鮮
87.24725426,套餐
86.47353494,一口
86.37013047,清真
86.17265385,價格
86,調味
85.98833835,喜歡
85.77038881,感覺
85.55847315,麵條
84.65784285,琉球
84.65784285,中國
84.65784285,venti
84.62976662,轉錄
84,今天
84,這種
83.85750367,日本
83.58941142,指數
83.56690828,美味
83.30693438,介紹
82.79333409,香氣
82.54014655,美食
82.15025895,座位
82.1166338,炒飯
82,服務
81.95954188,組合
81.79221963,選擇
81.63972921,下午
81.62349181,發現
81.35001985,有點
81.22565357,裡面
80.94229902,嘉義
80.80605578,分享
80.57118088,實在
80.32655815,真的
79.72627428,肥皂
79.72627428,httpsharephotoxuitenetzexjpg
79.4220355,排隊
79.41401433,一下
79.33668488,招牌
79.31568569,水果
79.01398666,空軍
78.94555523,雞翅
78,算是
77.9937576,很多
77.79470571,紅燒
77.79470571,新竹
77.44771619,可能
76.73002535,干貝
76.69186684,新鮮
76.58553423,香味
76.47234223,番茄
76.45485999,使用
76,上面
75.79324239,已經
75.5587475,台北
74.27043542,客人
74.27043542,適合
74,空間
73.47277761,emily
73.41344854,冰淇淋
73.37013047,豆沙
73.08241809,４０元
73.08241809,東海
73.08241809,貴賓
73.0600864,橄欖油
72.32967235,一點
72.06127912,出來
72,濃郁
71.74400446,一間
71.43500779,個人
70.82451165,茶碗
70.82451165,肉絲
70.68581616,一定
70.64199532,紅茶
70.00238543,大概
69.78704817,直接
69.76048999,大安
69.76048999,稍微
69.27605505,完全
69.15084952,布丁
69.15084952,豬排
68.00287275,整體
67.94349174,之前
67.72627428,牛角
67.71716171,價位
67.69857885,似乎
67.69857885,蔬菜
67.54616301,值得
67.29566116,小時
67.29566116,主廚
67.08600294,裝潢
66.87291599,花生
66.87291599,製作
66.87291599,左右
66.79614208,位置
66.4385619,首里
66.4385619,飲酒
66.07616004,加上
65.88459805,清爽
65.88459805,特色
65.72912125,好像
65.68717426,旁邊
65.53273713,剛好
65.29462424,需要
64.75516238,帶有
64.69007426,不少
64.3222109,現在
64.22493538,建議
64.21271911,包廂
63.82570436,來說
63.68849142,有趣
62.57693835,菜色
62.08241809,沖繩
62.08241809,清燉
62,看看
61.94555523,蘋果
61.84827971,一種
61.76681067,一份
61.38402028,三明治
61.38402028,生魚片
61.35344036,漂亮
61.35344036,下來
61.16388799,簡單
60.88340534,桃園
60.80869236,本身
60.80869236,服務費
60.79154671,一次
60.70672427,餐館
60.50699333,橄欖
60.50699333,滿分
60.50699333,櫻桃
60.50406685,主食
59.79470571,綿羊
59.79470571,鐵漢
59.79470571,cafe
59.79470571,chinhao
59.79470571,im
59.37434852,那種
58.86832943,上頭
58.54000794,風味
58.30249415,附近
58.30169904,呈現
58.11898009,醬油
58.04820237,試試
57.54751902,香腸
57.47627748,cp
56.82451165,豆腐
56.82451165,雞湯
56.82451165,薯條
56.73002535,方式
56.73002535,下去
56.47277761,不能
56.47277761,慢慢
56.47277761,山區
56.47277761,鮮奶
56.47277761,一道
56.47277761,飲品
56.4385619,vielle
56.24065367,兩種
56.18506523,火鍋
55.92491296,希望
55.72627428,草莓
55.72627428,麻辣
55.72627428,饅頭
55.72627428,墨西哥
55.72627428,濃湯
55.72627428,pizza
55.64783058,海味
55.58289901,牛奶
55.58289901,生菜
55.52097999,印象
55.10635956,可惜
54.73931188,地方
54.73931188,環境
54.73931188,酥脆
54.65784285,平價
54.65784285,小菜
54.61061428,粉絲
54.61061428,兩個
54.42648614,甜味
54.24725426,可否
54.13521771,類似
54.13521771,馬鈴薯
54.13521771,奶茶
54.13521771,中間
54.03693041,看起來
53.71101775,台南
53.57625584,sat
53.47478153,年月
53.15084952,八八
53.15084952,表現
53.15084952,歡迎
53.15084952,三寶
53.15084952,書店
53.15084952,晚餐
53.15084952,魷魚
53.15084952,cheesecake
53.15084952,estate
53.15084952,king
53.15084952,noodle
52.9921423,平均價
52.98149649,風格
52.98149649,種類
52.8771238,幾乎
52.8771238,門口
52.8771238,小小
52.76561796,牛排
52.68808465,餐廳
52.65382898,sun
52.47224473,mon
52.10896782,用心
52.10896782,洋蔥
52.00234629,沒什麼
52.00234629,為主
52.00119271,豐富
52.00119271,一碗
52.00119271,滋味
51.95255495,公休
51.95255495,一家
51.95255495,整個
51.86313714,炸雞
51.86313714,芋頭
51.48583493,每人
51.12786697,一杯
51.08241809,奶酪
51.08241809,歐姆
51.08241809,作法
51.05702282,照片
51.01398666,評價
51.01398666,信義
51.01398666,qq
50.95079314,滿滿
50.95079314,平日
50.79470571,馬賽
50.58893689,東區
50.58893689,熔岩
50.58893689,小孩
50.58893689,食堂
50.58893689,藝術
50.23326761,當天
50.23326761,肉質
50.23326761,外面
50.23326761,以為
50.03808002,人員
50.03808002,十分
50.03808002,完整
49.87451648,淡淡的
49.87451648,花枝
49.87451648,健康
49.87451648,香草
49.82892142,嘗試
49.82892142,假日
49.47862377,當然
49.47862377,食物
49.47862377,原本
49.26538069,本來
49.26538069,便宜
49.26538069,店面
49.26538069,吸引
48.94229902,加入
48.94229902,目前
48.94229902,氣氛
48.94229902,設計
48.70672427,玉米
48.70672427,po
48.63503664,感謝
48.57147362,入口
48.57147362,桌上
48.57147362,資訊
48.22052155,fb
47.76636857,上桌
47.76636857,綜合
47.58941142,部落
47.58941142,東西
47.54120904,啤酒
47.37013047,必須
47.37013047,差不多
47.37013047,香料
47.37013047,這天
47.37013047,芝麻
47.09466355,開胃
47.00469258,音樂
46.5284151,分鐘
46.5284151,感受
46.5284151,下次
46.5284151,想到
46.50699333,桂圓
46.50699333,海盜
46.50699333,客家
46.50699333,狂想曲
46.50699333,麥角
46.50699333,名古屋
46.50699333,師大
46.50699333,以外
46.50699333,furella
46.50699333,httpwwwfunsimoncomotherjpg
46.50699333,httpzpixnetnetblogpost
46.50699333,kintiewkan
46.4385619,東京
46.4385619,海膽
46.03801521,難吃
46.03801521,咀嚼
45.88340534,廚房
45.88340534,等待
45.88340534,綿密
45.5300432,蘑菇
45.5300432,排骨
45.5300432,noutsan
45.38402028,一段
45.38402028,原來
45.38402028,之外
45.38402028,menu
45.16110545,內容
45.16110545,拍照
45.16110545,外觀
45.16110545,尤其
45.15084952,滷肉
45.15084952,什錦
45.15084952,野生
45.15084952,httpspicpimgtwjunespringnjpg
45.15084952,yayaya
44.95490124,圖文
44.64783058,麵食
44.64783058,生意
44.64783058,特製
44.581944,手工
44.53076139,店名
44.15124707,網路
44.15124707,狀態
43.79144951,享受
43.79144951,主要
43.72627428,的確
43.72627428,親切
43.72627428,位子
43.72627428,香甜
43.21928095,焦糖
43.21928095,品牌
43.21928095,文化
43.21928095,泡菜
43.18506523,保留
43.18506523,開幕
43.18506523,停車
42.82451165,機會
42.82451165,十足
42.82451165,食用
42.82451165,晚上
42.82451165,詢問
42.82451165,用料
42.82451165,閱讀
42.54751902,第一次
42.54751902,最近
42.20151394,號碼
42.20151394,辣椒
42.20151394,市場
42.20151394,ps
41.79470571,和風
41.79470571,加價
41.79470571,開車
41.79470571,牛筋
41.79470571,辛苦
41.68717426,超級
41.68717426,出現
41.68717426,舒服
41.68717426,態度
41.39751942,吃飯
41.39751942,剛剛
41.39751942,來到
41.39751942,厲害
41.39751942,明顯
41.39751942,突然
41.2078306,不要
41.2078306,方便
41.2078306,價錢
41.05448391,外帶
40.58893689,畢竟
40.58893689,攪拌
40.58893689,南瓜
40.58893689,沙發
40.47114951,吃法
40.47114951,公館
40.47114951,雞胸
40.47114951,加熱
40.47114951,章魚
40.47114951,wtfconk
40.08241809,回家
40.08241809,蝦子
40.08241809,友人
39.86313714,傳道
39.86313714,丹麥
39.86313714,機場
39.86313714,漫步
39.86313714,普通
39.86313714,水管
39.86313714,順口
39.86313714,酸辣湯
39.86313714,蹄筋
39.86313714,長崎
39.86313714,遮陽板
39.86313714,珍珠
39.86313714,bentryit
39.86313714,bnbn
39.86313714,campagna
39.86313714,cookie
39.86313714,fuku
39.86313714,lucid
39.86313714,milky
39.86313714,rainbow
39.86313714,ristrto
39.86313714,solo
39.86313714,thai
39.76561796,參考
39.76561796,充滿
39.76561796,關係
39.76561796,文字
39.76561796,無法
39.76561796,想像
39.76561796,謝謝
39.76561796,油膩
39.76561796,只能
39.71101775,接受
39.50699333,飛機
39.50699333,肋條
39.50699333,內心
39.50699333,肉品
39.50699333,上海
39.50699333,天使
39.50699333,文昌
39.50699333,文藝
39.50699333,ig
39.50699333,pure
39.50699333,sherlock
38.89735285,今年
38.89735285,兩次
38.89735285,濃厚
38.89735285,忠孝
38.36501268,打開
38.36501268,切片
38.36501268,天然
38.36501268,一半
38.36501268,整理
38.36501268,kaohsiung
38.26441413,有人
38.21324307,擺放
38.21324307,餐具
38.21324307,常見
38.21324307,靠近
38.21324307,路線
38.21324307,品質
38.21324307,下面
38.21324307,顏色
38.21324307,以前
38.21324307,中式
38.21309485,本文
38.21309485,決定
38.21309485,每個
38.21309485,貼心
38.21309485,外皮
38.21309485,現場
38.21309485,一顆
38.21309485,以下
38.21309485,自行
38.21309485,ok
38.04639841,名稱
37.15084952,海景
37.15084952,烤肉
37.15084952,裡頭
37.15084952,歷史
37.15084952,杏仁
37.15084952,夜市
37.15084952,rabbit
36.8213669,電話
36.70672427,層次
36.70672427,厚實
36.54120904,厚度
36.54120904,記得
36.54120904,配料
36.54120904,容易
36.54120904,時段
36.54120904,胃口
36.54120904,裝飾
36.5300432,哈哈哈
36.5300432,開心
36.5300432,蘿蔔
36.5300432,葡萄
36.5300432,人氣
36.5300432,市區
36.5300432,小吃
36.4385619,不大
36.4385619,經驗
36.4385619,盤子
36.4385619,視覺
36.4385619,一層
36.4385619,一點點
36.4385619,一片
36.4385619,有名
35.41225582,尺寸
35.41225582,畫作
35.41225582,煎餅
35.41225582,老闆娘
35.41225582,老公
35.41225582,芒果
35.41225582,迷你
35.41225582,室友
35.41225582,甜品
35.41225582,蝦仁
35.41225582,兄弟
35.41225582,主題
35.02867028,內部
34.73931188,白飯
34.73931188,氛圍
34.73931188,好奇
34.73931188,絕對
34.73931188,平均
34.73931188,確定
34.73931188,通常
34.73931188,喜好
34.73931188,效果
34.73931188,心得
34.73931188,樣子
34.73931188,以上
34.73931188,中午
34.57542476,第一
34.57542476,復古
34.57542476,限定
34.57542476,主菜
34.52851141,變成
34.52851141,多種
34.52851141,二段
34.52851141,接下來
34.52851141,經營
34.52851141,竟然
34.52851141,三段
34.52851141,台式
34.52851141,習慣
34.52851141,限制
34.52851141,小心
34.52851141,一盤
34.52851141,油脂
33.86313714,彩虹
33.86313714,豆花
33.86313714,龍蝦
33.86313714,民權
33.86313714,請勿
33.86313714,新加坡
33.86313714,魚子
33.86313714,豬肝
33.86313714,airrider
33.86313714,csi
33.86313714,hokhok
33.21928095,白蘭地
33.21928095,過量
33.21928095,建華
33.21928095,餃子
33.21928095,滿足
33.21928095,南澳
33.21928095,扇貝
33.21928095,是否
33.21928095,犧牲品
33.21928095,序曲
33.21928095,楊梅
33.21928095,腰子
33.21928095,有害
33.21928095,come
33.21928095,floor
33.21928095,gelato
33.21928095,home
33.21928095,httpdongpixnetnetblogcategorylist
33.21928095,kamgx
33.21928095,kammerzell
33.21928095,maison
33.21928095,mariage
33.21928095,noi
33.21928095,second
33.21928095,smore
33.21928095,spu
33.21928095,sugar
33.21928095,ua
32.79470571,變化
32.79470571,表面
32.79470571,出口
32.79470571,大大
32.79470571,大約
32.79470571,淡淡
32.79470571,火腿
32.79470571,平常
32.79470571,期待
32.79470571,青菜
32.79470571,入味
32.79470571,時光
32.79470571,適中
32.79470571,味覺
32.79470571,心情
32.79470571,延伸
32.79470571,預約
32.79470571,注意
32.50699333,伯爵
32.50699333,冠軍
32.50699333,蛤蜊
32.50699333,家庭
32.50699333,椒鹽
32.50699333,可可
32.50699333,辣醬
32.50699333,糯米
32.50699333,濕潤
32.50699333,台幣
32.50699333,項目
32.50699333,飲食
32.50699333,有機
32.50699333,魚肉
32.47114951,包含
32.47114951,部位
32.47114951,代表
32.47114951,等候
32.47114951,供應
32.47114951,櫃台
32.47114951,咖啡店
32.47114951,美國
32.47114951,米飯
32.47114951,氣息
32.47114951,前往
32.47114951,入座
32.47114951,四段
32.47114951,湯麵
32.47114951,一款
32.47114951,重點
32.47114951,桌子
31.92064962,營業
31.26538069,比例
31.26538069,肚子
31.26538069,根本
31.26538069,全部
31.26538069,三種
31.26538069,上來
31.26538069,是不是
31.26538069,一堆
31.26538069,知名
31.26538069,只要
30.69201014,別人
30.69201014,採用
30.69201014,傳統
30.69201014,附上
30.69201014,購買
30.69201014,過癮
30.69201014,黃色
30.69201014,今日
30.69201014,品嘗
30.69201014,上方
30.69201014,推出
30.69201014,一塊
30.69201014,一旁
30.69201014,依舊
30.69201014,整份
30.69201014,重要
30.69201014,桌椅
30.69201014,自製
30.35336213,插座
30.35336213,大海
30.35336213,飯店
30.35336213,蓋子
30.35336213,觀光
30.35336213,加元
30.35336213,木桶
30.35336213,蓬鬆
30.35336213,手機
30.35336213,素食
30.35336213,優質
30.35336213,植物
30.35336213,cr
30.35336213,davil
30.35336213,no
30.25349666,不好
30.25349666,大部分
30.25349666,底下
30.25349666,蜂蜜
30.25349666,紅豆
30.25349666,即時
30.25349666,經典
30.25349666,泰國
30.25349666,停車場
30.25349666,同樣
30.25349666,外表
30.25349666,西式
30.25349666,香菇
30.25349666,xdd
29.15084952,大方
29.15084952,當地
29.15084952,調整
29.15084952,販賣
29.15084952,還要
29.15084952,划算
29.15084952,混合
29.15084952,聚餐
29.15084952,均勻
29.15084952,離開
29.15084952,每次
29.15084952,難怪
29.15084952,恰到好處
29.15084952,日期
29.15084952,商品
29.15084952,水準
29.15084952,聽說
29.15084952,喜愛
29.15084952,享用
29.15084952,興趣
29.15084952,一天
29.15084952,早上
29.15084952,增加
29.15084952,只好
29.15084952,fw
28.41225582,持續
28.41225582,創意
28.41225582,彈性
28.41225582,多樣
28.41225582,好好
28.41225582,繼續
28.41225582,路邊
28.41225582,配色
28.41225582,確實
28.41225582,軟軟
28.41225582,室內
28.41225582,舒適
28.41225582,所有
28.41225582,體驗
28.41225582,問題
28.41225582,詳細
28.41225582,一張
28.41225582,原因
28.41225582,增添
28.41225582,真心
28.41225582,專門
28.41225582,自然
28.21928095,白酒
28.21928095,東港
28.21928095,花生醬
28.21928095,歐式
28.21928095,蟹肉
28.21928095,炸醬麵
28.21928095,erik
28.21928095,公分
28.21928095,荷包
28.21928095,苦瓜
28.21928095,歐洲
28.21928095,批評
28.21928095,清邁
28.21928095,升級
28.21928095,湯包
28.21928095,玩意
28.21928095,香蕉
28.21928095,伊藤
27.86313714,邊緣
27.86313714,玻璃
27.86313714,菠菜
27.86313714,超過
27.86313714,成為
27.86313714,蔥花
27.86313714,活動
27.86313714,季節
27.86313714,紀念館
27.86313714,辣味
27.86313714,兩家
27.86313714,樓梯
27.86313714,媽媽
27.86313714,米其林
27.86313714,拼盤
27.86313714,情況
27.86313714,柔軟
27.86313714,肉醬
27.86313714,搜尋
27.86313714,太陽
27.86313714,養生
27.86313714,願意
27.86313714,xddd
27.86313714,xdddd
26.85550887,不斷
26.85550887,不用
26.85550887,步行
26.85550887,程度
26.85550887,當時
26.85550887,地點
26.85550887,放鬆
26.85550887,符合
26.85550887,工業
26.85550887,過程
26.85550887,基本上
26.85550887,進去
26.85550887,就算
26.85550887,沒錯
26.85550887,美好
26.85550887,牆上
26.85550887,人數
26.85550887,認為
26.85550887,些許
26.85550887,之間
26.85550887,只有
26.85550887,仔細
26.57542476,百年
26.57542476,出國
26.57542476,大王
26.57542476,發問
26.57542476,府邸
26.57542476,鍋貼
26.57542476,過往
26.57542476,和平
26.57542476,華都
26.57542476,華僑
26.57542476,冷麵
26.57542476,列車
26.57542476,曼谷
26.57542476,明蝦
26.57542476,目錄
26.57542476,年糕
26.57542476,牛郎
26.57542476,食品
26.57542476,首里城
26.57542476,天麻
26.57542476,退步
26.57542476,先生
26.57542476,小倉
26.57542476,小山
26.57542476,右衛
26.57542476,預訂
26.57542476,agu
26.57542476,antgirl
26.57542476,austinliang
26.57542476,chardonnay
26.57542476,express
26.57542476,hg
26.57542476,holiday
26.57542476,httpsharephotoxuitenetzefxjpg
26.57542476,jescal
26.57542476,kenny
26.57542476,magic
26.57542476,mall
26.57542476,mrt
26.57542476,noelle
26.57542476,terry
26.57542476,touch
26.57542476,wlul
25.93156857,伴隨
25.93156857,誠意
25.93156857,大樓
25.93156857,大片
25.93156857,對面
25.93156857,分量
25.93156857,更新
25.93156857,果汁
25.93156857,黑板
25.93156857,接近
25.93156857,結合
25.93156857,看得出
25.93156857,看來
25.93156857,苦味
25.93156857,生活
25.93156857,剩下
25.93156857,爽口
25.93156857,天氣
25.93156857,添加
25.93156857,挑戰
25.93156857,微微
25.93156857,鮮嫩
25.93156857,相對
25.93156857,相信
25.93156857,小朋友
25.93156857,意外
25.93156857,油花
25.93156857,扎實
25.93156857,正常
25.93156857,主角
25.93156857,嘴巴
25.29446845,餐飲
25.29446845,稱為
25.29446845,大蒜
25.29446845,德國
25.29446845,公司
25.29446845,奇異
25.29446845,軟骨
25.29446845,散發
25.29446845,西區
25.29446845,依然
25.29446845,椅子
25.29446845,最佳
25.29446845,窗戶
25.29446845,大蝦
25.29446845,方法
25.29446845,紅蘿蔔
25.29446845,建國
25.29446845,考慮
25.29446845,控制
25.29446845,兩份
25.29446845,清湯
25.29446845,趣味
25.29446845,同事
25.29446845,我家
25.29446845,鮮明
25.29446845,中山
25.26877529,消費
24.35336213,表示
24.35336213,不知
24.35336213,曾經
24.35336213,常常
24.35336213,吃喝
24.35336213,處理
24.35336213,大致
24.35336213,到底
24.35336213,得到
24.35336213,概念
24.35336213,過來
24.35336213,角落
24.35336213,近期
24.35336213,居然
24.35336213,開放
24.35336213,連結
24.35336213,名字
24.35336213,清香
24.35336213,熱鬧
24.35336213,融合
24.35336213,少見
24.35336213,四種
24.35336213,提升
24.35336213,無敵
24.35336213,顯眼
24.35336213,相同
24.35336213,要點
24.35336213,一餐
24.35336213,支持
24.35336213,準備
24.35336213,總共
24.35336213,httpswwwpttccbbsfoodmabhtml
23.21928095,辦法
23.21928095,保存
23.21928095,本人
23.21928095,便當
23.21928095,材料
23.21928095,大多
23.21928095,大門
23.21928095,抵達
23.21928095,點心
23.21928095,分明
23.21928095,隔壁
23.21928095,忽然
23.21928095,回到
23.21928095,基本
23.21928095,幾次
23.21928095,結束
23.21928095,據說
23.21928095,立馬
23.21928095,利用
23.21928095,兩片
23.21928095,綠茶
23.21928095,每天
23.21928095,偏愛
23.21928095,品味
23.21928095,奇怪
23.21928095,上班族
23.21928095,舌頭
23.21928095,神奇
23.21928095,數量
23.21928095,鬆軟
23.21928095,隨便
23.21928095,特殊
23.21928095,完美
23.21928095,溫和
23.21928095,五分
23.21928095,下班
23.21928095,需求
23.21928095,一二
23.21928095,一群
23.21928095,意思
23.21928095,營養
23.21928095,硬度
23.21928095,優惠
23.21928095,圓桌
23.21928095,展示
23.21928095,招待
23.21928095,正統
23.21928095,質感
23.21928095,周日
22.57542476,炒麵
22.57542476,地面
22.57542476,夫妻
22.57542476,改裝
22.57542476,各式
22.57542476,工作室
22.57542476,鍋巴
22.57542476,海鹽
22.57542476,好事
22.57542476,家樂福
22.57542476,九層
22.57542476,酒類
22.57542476,酒味
22.57542476,卡拉
22.57542476,口水
22.57542476,老宅
22.57542476,美術館
22.57542476,迷人
22.57542476,米粉
22.57542476,年輕人
22.57542476,螃蟹
22.57542476,泡泡
22.57542476,青海
22.57542476,肉排
22.57542476,肉鬆
22.57542476,如今
22.57542476,三杯
22.57542476,散客
22.57542476,市政府
22.57542476,絲瓜
22.57542476,四處
22.57542476,酸菜
22.57542476,檯座
22.57542476,太子
22.57542476,湯圓
22.57542476,糖漿
22.57542476,提醒
22.57542476,甜美
22.57542476,土司
22.57542476,維持
22.57542476,五星
22.57542476,新聞
22.57542476,一盒
22.57542476,油條
22.57542476,豬腳
22.57542476,自來水
22.57542476,azym
22.57542476,bonheur
22.57542476,bonne
22.57542476,city
22.57542476,httpblogyamcomlarlearticle
22.57542476,hy
22.57542476,larle
22.57542476,mama
22.57542476,monya
22.57542476,taoyuan
21.60964047,比起
21.60964047,筆記
21.60964047,不行
21.60964047,參觀
21.60964047,餐桌
21.60964047,大小
21.60964047,地區
21.60964047,獨立
21.60964047,對了
21.60964047,多久
21.60964047,略帶
21.60964047,法國
21.60964047,反而
21.60964047,告知
21.60964047,好友
21.60964047,很快
21.60964047,懷念
21.60964047,黃瓜
21.60964047,或許
21.60964047,機車
21.60964047,幾年
21.60964047,記憶
21.60964047,較為
21.60964047,接觸
21.60964047,金黃
21.60964047,進來
21.60964047,進入
21.60964047,精緻
21.60964047,距離
21.60964047,聚會
21.60964047,口吃
21.60964047,立刻
21.60964047,樓上
21.60964047,陸續
21.60964047,滿意
21.60964047,免費
21.60964047,麵粉
21.60964047,那天
21.60964047,碰到
21.60964047,清新
21.60964047,韌性
21.60964047,肉汁
21.60964047,三層
21.60964047,色澤
21.60964047,深刻
21.60964047,事情
21.60964047,瘦肉
21.60964047,天花板
21.60964047,忘記
21.60964047,鮮味
21.60964047,欣賞
21.60964047,形容
21.60964047,研究
21.60964047,陽光
21.60964047,一股
21.60964047,迎接
21.60964047,有時
21.60964047,有時候
21.60964047,有種
21.60964047,遇到
21.60964047,雜誌
21.60964047,早期
21.60964047,漲價
21.60964047,找到
21.60964047,狀況
21.60964047,bigbanciao
21.60964047,httpswwwpttccbbsfoodmaahtml
21.60964047,httpswwwpttccbbsfoodmadhtml
20.4711274,地址
20.23557476,安排
20.23557476,白菜
20.23557476,白色
20.23557476,半個
20.23557476,不好意思
20.23557476,布朗
20.23557476,餐車
20.23557476,餐盤
20.23557476,差別
20.23557476,產生
20.23557476,膽固醇
20.23557476,當作
20.23557476,刀叉
20.23557476,地瓜
20.23557476,電影
20.23557476,豆芽菜
20.23557476,發酵
20.23557476,甘甜
20.23557476,感想
20.23557476,觀察
20.23557476,國父
20.23557476,韓國
20.23557476,荷包蛋
20.23557476,胡椒
20.23557476,黃金
20.23557476,回來
20.23557476,回去
20.23557476,紀錄
20.23557476,加強
20.23557476,街巷
20.23557476,看見
20.23557476,口中
20.23557476,苦澀
20.23557476,浪費
20.23557476,老字號
20.23557476,六點
20.23557476,媒體
20.23557476,民宅
20.23557476,明明
20.23557476,寧靜
20.23557476,濃縮
20.23557476,氣泡
20.23557476,氣味
20.23557476,清楚
20.23557476,人手
20.23557476,色彩
20.23557476,商店
20.23557476,世界
20.23557476,書籍
20.23557476,四個
20.23557476,討厭
20.23557476,甜香
20.23557476,挑選
20.23557476,庭院
20.23557476,通通
20.23557476,圖文並茂
20.23557476,溫度
20.23557476,溫暖
20.23557476,小姐
20.23557476,小巧
20.23557476,曉得
20.23557476,星期五
20.23557476,星期一
20.23557476,腥味
20.23557476,野菜
20.23557476,一成
20.23557476,有加
20.23557476,有意思
20.23557476,愈來愈
20.23557476,預期
20.23557476,原文
20.23557476,造型
20.23557476,正是
20.23557476,中肯
20.23557476,做成
20.23557476,japantravel
20.23557476,sisterfei
19.93156857,盎司
19.93156857,鮑魚
19.93156857,北方
19.93156857,筆記本
19.93156857,成品
19.93156857,惆悵
19.93156857,單調
19.93156857,電車
19.93156857,雕刻
19.93156857,惡意
19.93156857,負面
19.93156857,甘草
19.93156857,乾坤
19.93156857,溝通
19.93156857,棍子
19.93156857,海派
19.93156857,航空
19.93156857,河床
19.93156857,花草
19.93156857,花園
19.93156857,回教徒
19.93156857,機票
19.93156857,幾家
19.93156857,醬肉
19.93156857,金箔
19.93156857,金城
19.93156857,九顆
19.93156857,開闊
19.93156857,來講
19.93156857,老大
19.93156857,蓮子
19.93156857,遼寧
19.93156857,零售
19.93156857,路徑
19.93156857,麻辣燙
19.93156857,馬來西亞
19.93156857,美金
19.93156857,麵湯
19.93156857,模式
19.93156857,木柵
19.93156857,泥巴
19.93156857,瓶蓋
19.93156857,清酒
19.93156857,閃電
19.93156857,上官
19.93156857,獅子頭
19.93156857,太陽神
19.93156857,炭火
19.93156857,田園
19.93156857,吸取
19.93156857,蝦醬
19.93156857,小麥
19.93156857,小牛
19.93156857,新幹線
19.93156857,信用卡
19.93156857,雪花
19.93156857,煙花
19.93156857,一飛沖天
19.93156857,億品
19.93156857,有所不同
19.93156857,鴛鴦
19.93156857,榨菜
19.93156857,製成
19.93156857,磚牆
19.93156857,總匯
19.93156857,afeifelt
19.93156857,apecil
19.93156857,brunch
19.93156857,ｂｙ
19.93156857,cdata
19.93156857,demon
19.93156857,djwolf
19.93156857,email
19.93156857,ert
19.93156857,everywhere
19.93156857,fatlee
19.93156857,functionterncaptrytdocumentcurrentscriptfunctionfortdocumentgetelementsbytagnamescriptetlengtheiftegetattributedatacfhashreturn
19.93156857,fuoctober
19.93156857,heure
19.93156857,httpapixnetnetblogpost
19.93156857,httpblogandrewpluscomcampagnahtml
19.93156857,httpblogyamcomuwxuwxarticle
19.93156857,httpsharephotoxuitenetzecxjpg
19.93156857,httpspicpimgtwohdicejpgv
19.93156857,httpwwwfbglifecomfoodfoodtransitionphpgidd
19.93156857,il
19.93156857,likelihood
19.93156857,lisa
19.93156857,luvpac
19.93156857,mamhsian
19.93156857,mano
19.93156857,mo
19.93156857,mrazs
19.93156857,ntd
19.93156857,pcmew
19.93156857,ponpie
19.93156857,protected
19.93156857,pusyc
19.93156857,reesion
19.93156857,senior
19.93156857,shelter
19.93156857,sorrowing
19.93156857,soup
19.93156857,teiftctprevioussiblingptparentnodeifacgetattributedatacfemailforerxasubstrnalengthnnexasubstrnrtostringslicepreplacechilddocumentcreatetextnodedecodeuricomponentecpremovechildtcatchu
19.93156857,union
19.93156857,valley
19.93156857,wanyin
19.93156857,winnie
18.57542476,杯子
18.57542476,必備
18.57542476,標示
18.57542476,冰箱
18.57542476,不得不
18.57542476,不夠
18.57542476,不可
18.57542476,不算
18.57542476,不予
18.57542476,採光
18.57542476,差點
18.57542476,超高
18.57542476,充分
18.57542476,衝突
18.57542476,純粹
18.57542476,大量
18.57542476,單純
18.57542476,當初
18.57542476,第一個
18.57542476,第一口
18.57542476,點綴
18.57542476,多一點
18.57542476,範圍
18.57542476,放過
18.57542476,放在
18.57542476,分別
18.57542476,分店
18.57542476,分為
18.57542476,改天
18.57542476,告訴
18.57542476,更換
18.57542476,更加
18.57542476,更是
18.57542476,工作
18.57542476,菇類
18.57542476,固定
18.57542476,官方
18.57542476,光光
18.57542476,光是
18.57542476,規定
18.57542476,好評
18.57542476,痕跡
18.57542476,戶外
18.57542476,畫龍點睛
18.57542476,即可
18.57542476,幾個
18.57542476,技術
18.57542476,簡直
18.57542476,見諒
18.57542476,交通
18.57542476,結論
18.57542476,節目
18.57542476,解決
18.57542476,進口
18.57542476,進行
18.57542476,驚喜
18.57542476,酒店
18.57542476,就要
18.57542476,開放式
18.57542476,看似
18.57542476,顆粒
18.57542476,客氣
18.57542476,老實
18.57542476,了解
18.57542476,冷盤
18.57542476,留下
18.57542476,路上
18.57542476,旅行
18.57542476,綠色
18.57542476,覓食
18.57542476,面包
18.57542476,名單
18.57542476,明亮
18.57542476,男生
18.57542476,濃濃的
18.57542476,女孩
18.57542476,女生
18.57542476,評比
18.57542476,期間
18.57542476,強調
18.57542476,強烈
18.57542476,強項
18.57542476,輕鬆
18.57542476,熱門
18.57542476,認真
18.57542476,入口處
18.57542476,三分
18.57542476,三五
18.57542476,三樣
18.57542476,上次
18.57542476,稍稍
18.57542476,實際
18.57542476,手軟
18.57542476,雙人
18.57542476,順帶
18.57542476,瞬間
18.57542476,說明
18.57542476,速度
18.57542476,隨意
18.57542476,甜食
18.57542476,網站
18.57542476,唯一
18.57542476,味蕾
18.57542476,下飯
18.57542476,下方
18.57542476,鮮美
18.57542476,鹹味
18.57542476,限量
18.57542476,幸福
18.57542476,幸運
18.57542476,選用
18.57542476,一路
18.57542476,一圈
18.57542476,一桌
18.57542476,影響
18.57542476,永遠
18.57542476,約會
18.57542476,造訪
18.57542476,真相
18.57542476,中山站
18.57542476,眾多
18.57542476,桌面
18.57542476,資料
18.57542476,嘴裡
18.57542476,左邊
18.57542476,goodless
18.57542476,httprabbitpixnetnetblogpost
18.57542476,httpswwwpttccbbsfoodmachtml
18.57542476,httpswwwpttccbbsfoodmafhtml
18.57542476,juicy
16.93156857,阿媽
16.93156857,半部
16.93156857,薄荷
16.93156857,比目魚
16.93156857,必要
16.93156857,編號
16.93156857,不足
16.93156857,廠商
16.93156857,成功
16.93156857,廚師
16.93156857,川菜
16.93156857,大膽
16.93156857,大遠
16.93156857,單人
16.93156857,當下
16.93156857,當中
16.93156857,第三次
16.93156857,碟子
16.93156857,耳朵
16.93156857,方向
16.93156857,分開
16.93156857,分離
16.93156857,公園
16.93156857,光復路
16.93156857,光線
16.93156857,廣場
16.93156857,盒子
16.93156857,烘烤
16.93156857,回訪
16.93156857,餛飩
16.93156857,肌肉
16.93156857,雞皮
16.93156857,雞心
16.93156857,集散地
16.93156857,架子
16.93156857,街景
16.93156857,京都
16.93156857,景觀
16.93156857,聚落
16.93156857,軍艦
16.93156857,刻意
16.93156857,空氣
16.93156857,空位
16.93156857,寬敞
16.93156857,寬度
16.93156857,兩道
16.93156857,兩年
16.93156857,流程
16.93156857,蘆筍
16.93156857,綠豆
16.93156857,鰻魚
16.93156857,夢想
16.93156857,米粒
16.93156857,密碼
16.93156857,面積
16.93156857,名片
16.93156857,南京
16.93156857,牌子
16.93156857,偏重
16.93156857,片狀
16.93156857,平實
16.93156857,瓶子
16.93156857,評論
16.93156857,剖面
16.93156857,七點
16.93156857,七味
16.93156857,起點
16.93156857,起家
16.93156857,悄悄的
16.93156857,切開
16.93156857,青蔥
16.93156857,清晰
16.93156857,熱量
16.93156857,肉末
16.93156857,燒雞
16.93156857,燒烤
16.93156857,申請
16.93156857,水桶
16.93156857,四維
16.93156857,松江
16.93156857,酸奶
16.93156857,碎末
16.93156857,太和
16.93156857,攤販
16.93156857,糖霜
16.93156857,特地
16.93156857,團購
16.93156857,完成
16.93156857,無比
16.93156857,無毒
16.93156857,無誤
16.93156857,系統
16.93156857,下車
16.93156857,夏日
16.93156857,鮮果
16.93156857,鹹蛋
16.93156857,小白菜
16.93156857,小吃店
16.93156857,小農
16.93156857,信仰
16.93156857,星期二
16.93156857,敘述
16.93156857,夜景
16.93156857,一年
16.93156857,以往
16.93156857,意願
16.93156857,營運
16.93156857,有所
16.93156857,誘人
16.93156857,預計
16.93156857,元素
16.93156857,原料
16.93156857,找尋
16.93156857,指導
16.93156857,製造
16.93156857,重新
16.93156857,追求
16.93156857,angeloevil
16.93156857,aova
16.93156857,bbs
16.93156857,bob
16.93156857,day
16.93156857,de
16.93156857,egg
16.93156857,httpjunespringpixnetnetblogpost
16.93156857,icesnow
16.93156857,ing
16.93156857,link
16.93156857,ltc
16.93156857,peko
16.93156857,poblue
16.93156857,pop
16.93156857,sa
16.93156857,st
15.17668107,安全
15.17668107,擺設
15.17668107,拜訪
15.17668107,幫忙
15.17668107,包括
15.17668107,表層
15.17668107,繽紛
15.17668107,播放
15.17668107,不愧
15.17668107,不論是
15.17668107,菜名
15.17668107,餐飲業
15.17668107,差異
15.17668107,唱盤
15.17668107,超大
15.17668107,超人
15.17668107,成本
15.17668107,充足
15.17668107,衝擊
15.17668107,窗外
15.17668107,從容
15.17668107,錯覺
15.17668107,打包
15.17668107,打中
15.17668107,大同
15.17668107,大眾
15.17668107,單薄
15.17668107,單獨
15.17668107,擔心
15.17668107,地圖
15.17668107,等到
15.17668107,等級
15.17668107,低調
15.17668107,底部
15.17668107,底層
15.17668107,第一名
15.17668107,電腦
15.17668107,澱粉
15.17668107,動物
15.17668107,獨特
15.17668107,對不起
15.17668107,敦化
15.17668107,多多
15.17668107,發表
15.17668107,方塊
15.17668107,放棄
15.17668107,放置
15.17668107,肥美
15.17668107,分成
15.17668107,分類
15.17668107,粉嫩
15.17668107,豐盛
15.17668107,服務生
15.17668107,福音
15.17668107,蓋飯
15.17668107,高湯
15.17668107,各式各樣
15.17668107,個性
15.17668107,更為
15.17668107,功課
15.17668107,故意
15.17668107,顧客
15.17668107,國家
15.17668107,果醬
15.17668107,毫不
15.17668107,好多
15.17668107,好看
15.17668107,合理
15.17668107,烘焙
15.17668107,極限
15.17668107,幾間
15.17668107,幾天
15.17668107,加收
15.17668107,交叉口
15.17668107,解釋
15.17668107,芥末
15.17668107,酒吧
15.17668107,酒菜
15.17668107,酒精
15.17668107,居多
15.17668107,聚集
15.17668107,考量
15.17668107,冷藏
15.17668107,理解
15.17668107,禮拜
15.17668107,兩杯
15.17668107,兩層
15.17668107,兩點
15.17668107,兩隻
15.17668107,聊天
15.17668107,鄰近
15.17668107,流行
15.17668107,麻煩
15.17668107,馬路
15.17668107,馬上
15.17668107,每種
15.17668107,門前
15.17668107,名人
15.17668107,目光
15.17668107,南京東路
15.17668107,難得
15.17668107,難以
15.17668107,拍攝
15.17668107,佩服
15.17668107,配餐
15.17668107,盆栽
15.17668107,偏好
15.17668107,平板
15.17668107,平凡
15.17668107,氣孔
15.17668107,前面
15.17668107,牆壁
15.17668107,瞧瞧
15.17668107,愜意
15.17668107,清淡
15.17668107,熱狗
15.17668107,人工
15.17668107,忍不住
15.17668107,日常
15.17668107,溶入
15.17668107,融化
15.17668107,融入
15.17668107,肉感
15.17668107,肉類
15.17668107,三個
15.17668107,失望
15.17668107,時價
15.17668107,時尚
15.17668107,事先
15.17668107,事項
15.17668107,試看
15.17668107,適當
15.17668107,售價
15.17668107,熟透
15.17668107,熟悉
15.17668107,說實話
15.17668107,塑膠
15.17668107,所謂
15.17668107,索性
15.17668107,提到
15.17668107,天地
15.17668107,鐵板
15.17668107,途中
15.17668107,外層
15.17668107,外國人
15.17668107,外頭
15.17668107,往來
15.17668107,網友
15.17668107,衛生
15.17668107,吸收
15.17668107,細緻
15.17668107,下手
15.17668107,夏天
15.17668107,纖維
15.17668107,相比
15.17668107,相關
15.17668107,相約
15.17668107,想必
15.17668107,想起
15.17668107,巷子
15.17668107,小時候
15.17668107,協調
15.17668107,行程
15.17668107,形狀
15.17668107,休息
15.17668107,牙縫
15.17668107,也許
15.17668107,一根
15.17668107,一季
15.17668107,一件
15.17668107,一面
15.17668107,一日
15.17668107,一條
15.17668107,一陣子
15.17668107,遺憾
15.17668107,屹立
15.17668107,意見
15.17668107,隱身
15.17668107,營造
15.17668107,猶豫
15.17668107,有空
15.17668107,圓圓的
15.17668107,再度
15.17668107,著名
15.17668107,真是
15.17668107,陣子
15.17668107,整片
15.17668107,正好
15.17668107,證明
15.17668107,之上
15.17668107,只是
15.17668107,至少
15.17668107,質地
15.17668107,住家
15.17668107,專賣店
15.17668107,姊妹
15.17668107,自動
15.17668107,自由
15.17668107,自助
15.17668107,自助式
15.17668107,總結
15.17668107,組成
15.17668107,最新
15.17668107,佐料
15.17668107,ampm
15.17668107,btfy
15.17668107,httpswwwpttccbbsfoodmadfhtml
15.17668107,indtravel
15.17668107,kighty
15.17668107,luckygeo
15.17668107,pingtung
15.17668107,ptt
15.17668107,suckurass
15.17668107,travel
15.17668107,wifi
13.28771238,按鍵
13.28771238,巴黎
13.28771238,爸爸
13.28771238,白葡萄酒
13.28771238,白霜
13.28771238,百大
13.28771238,百貨公司
13.28771238,半成品
13.28771238,半生
13.28771238,薄餅
13.28771238,抱歉
13.28771238,報導
13.28771238,背面
13.28771238,本次
13.28771238,鼻子
13.28771238,表面積
13.28771238,別墅
13.28771238,不在話下
13.28771238,菜湯
13.28771238,側門
13.28771238,唱片
13.28771238,炒菜
13.28771238,城堡
13.28771238,出示
13.28771238,此次
13.28771238,大菜
13.28771238,大蔥
13.28771238,大平
13.28771238,代購
13.28771238,帶領
13.28771238,袋裝
13.28771238,蛋殼
13.28771238,地帶
13.28771238,地下
13.28771238,燈具
13.28771238,電梯
13.28771238,頂多
13.28771238,訂購
13.28771238,東街
13.28771238,東京都
13.28771238,度過
13.28771238,對比
13.28771238,二號
13.28771238,二期
13.28771238,法國史
13.28771238,法令
13.28771238,範本
13.28771238,風光
13.28771238,蜂巢
13.28771238,瘋狂
13.28771238,豐腴
13.28771238,浮誇
13.28771238,俯瞰
13.28771238,共和國
13.28771238,勾芡
13.28771238,構造
13.28771238,咕嚕
13.28771238,乖乖
13.28771238,怪異
13.28771238,觀光客
13.28771238,罐頭
13.28771238,罐子
13.28771238,逛逛
13.28771238,鍋底
13.28771238,和麵
13.28771238,核桃
13.28771238,赫赫有名
13.28771238,紅磚
13.28771238,胡桃
13.28771238,護照
13.28771238,花雕
13.28771238,花椰菜
13.28771238,歡唱
13.28771238,回教
13.28771238,極致
13.28771238,集錦
13.28771238,幾片
13.28771238,幾碗
13.28771238,架構
13.28771238,堅持
13.28771238,建築物
13.28771238,結實
13.28771238,今晚
13.28771238,金色
13.28771238,金石
13.28771238,進出口
13.28771238,九州
13.28771238,烤爐
13.28771238,可可粉
13.28771238,空姐
13.28771238,恐懼
13.28771238,誇大
13.28771238,塊狀
13.28771238,困難
13.28771238,老佛爺
13.28771238,老哥
13.28771238,李子
13.28771238,禮拜二
13.28771238,倆倆號
13.28771238,連鎖
13.28771238,聯合
13.28771238,兩百
13.28771238,兩位
13.28771238,兩樣
13.28771238,料理台
13.28771238,鈴木
13.28771238,領隊
13.28771238,龍鬚菜
13.28771238,滷味
13.28771238,絡繹不絕
13.28771238,毛毛蟲
13.28771238,梅子
13.28771238,麵皮
13.28771238,名菜
13.28771238,陌生
13.28771238,男人
13.28771238,南門
13.28771238,內臟
13.28771238,紐約
13.28771238,農莊
13.28771238,濃烈
13.28771238,暖色
13.28771238,排名
13.28771238,排行榜
13.28771238,配給
13.28771238,批發
13.28771238,葡萄園
13.28771238,千多
13.28771238,清單
13.28771238,全年
13.28771238,日光
13.28771238,日日
13.28771238,如同
13.28771238,森林
13.28771238,山國
13.28771238,刪除
13.28771238,少年
13.28771238,設備
13.28771238,神戶
13.28771238,生鮮
13.28771238,牲畜
13.28771238,十八
13.28771238,十四
13.28771238,十一
13.28771238,石頭
13.28771238,實際上
13.28771238,室溫
13.28771238,書本
13.28771238,樹林
13.28771238,水
13.28771238,水滴
13.28771238,水上
13.28771238,順序
13.28771238,說到做到
13.28771238,說是
13.28771238,特價
13.28771238,提早
13.28771238,天生
13.28771238,甜蜜
13.28771238,填寫
13.28771238,同伴
13.28771238,痛風
13.28771238,頭皮
13.28771238,丸子
13.28771238,玩耍
13.28771238,晚間
13.28771238,違規
13.28771238,文人
13.28771238,吸管
13.28771238,西點
13.28771238,西西里
13.28771238,狹小
13.28771238,下集
13.28771238,顯然
13.28771238,顯示
13.28771238,現成
13.28771238,現身
13.28771238,巷口
13.28771238,信用
13.28771238,興業
13.28771238,雅士
13.28771238,沿線
13.28771238,椰子
13.28771238,一邊
13.28771238,一頓
13.28771238,一首
13.28771238,一攤
13.28771238,一夜
13.28771238,伊斯蘭
13.28771238,毅力
13.28771238,藝人
13.28771238,銀座
13.28771238,引用
13.28771238,影子
13.28771238,勇氣
13.28771238,元魚
13.28771238,員工
13.28771238,雜貨
13.28771238,棗子
13.28771238,造成
13.28771238,炸醬
13.28771238,站長
13.28771238,照射
13.28771238,中東
13.28771238,中捷
13.28771238,中秋節
13.28771238,仲夏
13.28771238,周到
13.28771238,豬油
13.28771238,豬仔
13.28771238,主教
13.28771238,主義
13.28771238,柱子
13.28771238,專案
13.28771238,專題
13.28771238,紫蘇
13.28771238,字體
13.28771238,總是
13.28771238,作品
13.28771238,作物
13.28771238,座無虛席
13.28771238,afdm
13.28771238,alisha
13.28771238,amberhung
13.28771238,angryhwc
13.28771238,app
13.28771238,aqua
13.28771238,austin
13.28771238,beccacca
13.28771238,best
13.28771238,blackcat
13.28771238,buuzkuo
13.28771238,cabernet
13.28771238,campari
13.28771238,cath
13.28771238,che
13.28771238,cheese
13.28771238,chef
13.28771238,chushyuan
13.28771238,creme
13.28771238,den
13.28771238,drale
13.28771238,edirene
13.28771238,eric
13.28771238,eugene
13.28771238,faberge
13.28771238,fika
13.28771238,filet
13.28771238,fong
13.28771238,fra
13.28771238,france
13.28771238,freres
13.28771238,galoop
13.28771238,gatsby
13.28771238,ginza
13.28771238,good
13.28771238,grace
13.28771238,gudetama
13.28771238,gunfighter
13.28771238,hotel
13.28771238,hoyii
13.28771238,hrs
13.28771238,hsinchuang
13.28771238,httpblogandrewpluscom
13.28771238,httpimgurcomuwrwszrjpg
13.28771238,httpsgooglrhocpf
13.28771238,httpsharephotoxuitenetzedxjpg
13.28771238,httpswwwfacebookcomzhejiancafefrefts
13.28771238,inthelight
13.28771238,kieran
13.28771238,kinggenki
13.28771238,la
13.28771238,latteb
13.28771238,lazio
13.28771238,leafphoto
13.28771238,life
13.28771238,lovehusky
13.28771238,lovewithme
13.28771238,lusi
13.28771238,mantoupin
13.28771238,micoberry
13.28771238,mignon
13.28771238,miuya
13.28771238,nagasaki
13.28771238,orchid
13.28771238,overture
13.28771238,pasta
13.28771238,peace
13.28771238,phahon
13.28771238,pinkwl
13.28771238,pinot
13.28771238,place
13.28771238,pp
13.28771238,ragu
13.28771238,redword
13.28771238,ristretto
13.28771238,sandra
13.28771238,sardegna
13.28771238,sauvignon
13.28771238,sclbtlove
13.28771238,sicilia
13.28771238,strasbourg
13.28771238,sukhumvit
13.28771238,sunnygirlya
13.28771238,ten
13.28771238,toscana
13.28771238,tr
13.28771238,una
13.28771238,usd
13.28771238,vhygdih
13.28771238,vn
13.28771238,watermelonte
13.28771238,willamette
13.28771238,winery
13.28771238,xpeoplex
13.28771238,yothin
13.28771238,yoyoben
13.28771238,yuci
13.28771238,zzt
11.28771238,35
11.28771238,710
11.28771238,阿根廷
11.28771238,愛好者
11.28771238,安靜
11.28771238,八點
11.28771238,百貨
11.28771238,般般
11.28771238,版本
11.28771238,半份
11.28771238,半碗
11.28771238,包圍
11.28771238,包裝
11.28771238,薄薄的
11.28771238,保持
11.28771238,保證
11.28771238,飽滿
11.28771238,報告
11.28771238,背影
11.28771238,備註
11.28771238,比例尺
11.28771238,避免
11.28771238,遍及
11.28771238,標榜
11.28771238,標準
11.28771238,表皮
11.28771238,別有洞天
11.28771238,冰涼
11.28771238,並非
11.28771238,玻璃瓶
11.28771238,不便
11.28771238,不得
11.28771238,不定
11.28771238,不妨
11.28771238,不合
11.28771238,不久
11.28771238,不賴
11.28771238,菜餚
11.28771238,參訪
11.28771238,殘酷
11.28771238,側面
11.28771238,茶水
11.28771238,差價
11.28771238,拆開
11.28771238,潺潺流水
11.28771238,產地
11.28771238,產品
11.28771238,超乎
11.28771238,車站
11.28771238,車子
11.28771238,沉默
11.28771238,陳設
11.28771238,稱呼
11.28771238,成就
11.28771238,成立
11.28771238,成長
11.28771238,承認
11.28771238,誠懇
11.28771238,誠實
11.28771238,橙汁
11.28771238,吃光
11.28771238,吃力
11.28771238,出去
11.28771238,出色
11.28771238,初衷
11.28771238,傳承
11.28771238,純正
11.28771238,從沒
11.28771238,粗細
11.28771238,簇擁
11.28771238,摧殘
11.28771238,搭乘
11.28771238,答應
11.28771238,打算
11.28771238,打招呼
11.28771238,大腸
11.28771238,大多數
11.28771238,大火
11.28771238,大勝
11.28771238,大同小異
11.28771238,大學
11.28771238,大中小
11.28771238,大字
11.28771238,帶來
11.28771238,當地人
11.28771238,到處
11.28771238,到訪
11.28771238,倒掉
11.28771238,得以
11.28771238,得知
11.28771238,登場
11.28771238,燈光
11.28771238,燈籠
11.28771238,燈泡
11.28771238,低溫
11.28771238,第二次
11.28771238,第二篇
11.28771238,第一道
11.28771238,點菜
11.28771238,調理
11.28771238,定期
11.28771238,定位
11.28771238,冬瓜
11.28771238,冬天
11.28771238,東山
11.28771238,豆腐乳
11.28771238,豆子
11.28771238,端午
11.28771238,對得起
11.28771238,對味
11.28771238,對照
11.28771238,多半
11.28771238,多次
11.28771238,多點
11.28771238,多數
11.28771238,多一些
11.28771238,額外
11.28771238,略為
11.28771238,兒童
11.28771238,二路
11.28771238,發作
11.28771238,番茄醬
11.28771238,反應
11.28771238,飯粒
11.28771238,房子
11.28771238,放到
11.28771238,肥肉
11.28771238,費時
11.28771238,廢話
11.28771238,粉紅
11.28771238,粉紅色
11.28771238,鳳梨
11.28771238,附有
11.28771238,富有
11.28771238,改進
11.28771238,改名
11.28771238,感到
11.28771238,趕快
11.28771238,干擾
11.28771238,高檔
11.28771238,高度
11.28771238,高級
11.28771238,各地
11.28771238,各項
11.28771238,各有所好
11.28771238,個頭
11.28771238,公車
11.28771238,公告
11.28771238,勾勒
11.28771238,購物
11.28771238,姑且
11.28771238,孤陋寡聞
11.28771238,骨肉
11.28771238,骨頭
11.28771238,骨子裡
11.28771238,穀物
11.28771238,瓜片
11.28771238,怪味
11.28771238,關注
11.28771238,觀感
11.28771238,光顧
11.28771238,光明
11.28771238,廣告
11.28771238,歸類
11.28771238,詭異
11.28771238,櫃檯
11.28771238,櫃子
11.28771238,鍋子
11.28771238,國內外
11.28771238,過度
11.28771238,海菜
11.28771238,海帶
11.28771238,海外
11.28771238,害怕
11.28771238,含量
11.28771238,汗顏
11.28771238,好不容易
11.28771238,好感
11.28771238,好久
11.28771238,好找
11.28771238,號稱
11.28771238,喝酒
11.28771238,合適
11.28771238,合作
11.28771238,黑豆
11.28771238,黑色
11.28771238,很小
11.28771238,轟炸
11.28771238,紅色
11.28771238,胡椒粉
11.28771238,胡蘿蔔
11.28771238,互相
11.28771238,花茶
11.28771238,華麗
11.28771238,畫家
11.28771238,畫面
11.28771238,懷舊
11.28771238,懷疑
11.28771238,回憶
11.28771238,婚禮
11.28771238,火車站
11.28771238,火紅
11.28771238,火候
11.28771238,機上
11.28771238,雞蛋
11.28771238,及格
11.28771238,岌岌可危
11.28771238,極力
11.28771238,集團
11.28771238,幾百年
11.28771238,幾口
11.28771238,幾款
11.28771238,幾篇
11.28771238,幾樣
11.28771238,幾張
11.28771238,既然如此
11.28771238,記錄
11.28771238,記住
11.28771238,加以
11.28771238,佳餚
11.28771238,茄子
11.28771238,家常
11.28771238,家具
11.28771238,家裡
11.28771238,價值
11.28771238,尖峰
11.28771238,尖叫
11.28771238,兼顧
11.28771238,兼具
11.28771238,堅果
11.28771238,堅硬
11.28771238,簡稱
11.28771238,簡潔
11.28771238,交叉
11.28771238,交流
11.28771238,角度
11.28771238,酵母
11.28771238,揭露
11.28771238,街上
11.28771238,潔淨
11.28771238,金額
11.28771238,僅供參考
11.28771238,儘管
11.28771238,錦囊
11.28771238,進步
11.28771238,經濟
11.28771238,精心
11.28771238,驚人
11.28771238,驚訝
11.28771238,竟是
11.28771238,究竟
11.28771238,酒水
11.28771238,就位
11.28771238,據點
11.28771238,抉擇
11.28771238,噱頭
11.28771238,咖啡茶
11.28771238,咖啡館
11.28771238,看上去
11.28771238,烤鴨
11.28771238,可惡
11.28771238,可口
11.28771238,肯定
11.28771238,空心菜
11.28771238,空虛
11.28771238,口碑
11.28771238,口袋
11.28771238,口福
11.28771238,辣椒醬
11.28771238,來源
11.28771238,賴皮
11.28771238,藍色
11.28771238,懶惰
11.28771238,老天
11.28771238,累積
11.28771238,冷凍
11.28771238,例子
11.28771238,涼拌
11.28771238,兩間
11.28771238,兩口
11.28771238,兩塊
11.28771238,兩款
11.28771238,兩張
11.28771238,亮相
11.28771238,林區
11.28771238,留言
11.28771238,六個
11.28771238,六日
11.28771238,六十年
11.28771238,樓層
11.28771238,路程
11.28771238,路過
11.28771238,落地
11.28771238,落地窗
11.28771238,麻醬
11.28771238,馬虎
11.28771238,滿嘴
11.28771238,漫長
11.28771238,矛盾
11.28771238,沒收
11.28771238,玫瑰
11.28771238,每份
11.28771238,每家
11.28771238,每年
11.28771238,美景
11.28771238,美酒
11.28771238,美麗
11.28771238,門牌
11.28771238,門牙
11.28771238,面對
11.28771238,麵糊
11.28771238,名氣
11.28771238,命名
11.28771238,默默
11.28771238,某種
11.28771238,木頭
11.28771238,木質
11.28771238,目測
11.28771238,納悶
11.28771238,耐心
11.28771238,南部
11.28771238,內側
11.28771238,能夠
11.28771238,年紀
11.28771238,偶爾
11.28771238,排除
11.28771238,澎湃
11.28771238,皮帶
11.28771238,片刻
11.28771238,品種
11.28771238,平民
11.28771238,破壞
11.28771238,葡萄酒
11.28771238,普普通通
11.28771238,期限
11.28771238,奇特
11.28771238,汽水
11.28771238,氣球
11.28771238,氣溫
11.28771238,恰恰
11.28771238,前方
11.28771238,強制
11.28771238,輕輕
11.28771238,情報
11.28771238,情侶
11.28771238,晴天霹靂
11.28771238,請問
11.28771238,區域
11.28771238,去年
11.28771238,全家
11.28771238,全篇
11.28771238,全區
11.28771238,全世界
11.28771238,確認
11.28771238,熱愛
11.28771238,熱水
11.28771238,熱騰騰
11.28771238,熱飲
11.28771238,人口
11.28771238,人人
11.28771238,人生
11.28771238,人物
11.28771238,認識
11.28771238,認知
11.28771238,仍然
11.28771238,日文
11.28771238,日子
11.28771238,肉湯
11.28771238,如出一轍
11.28771238,瑞士
11.28771238,灑落
11.28771238,上去
11.28771238,上網
11.28771238,社會
11.28771238,生日
11.28771238,聲明
11.28771238,盛名
11.28771238,勝過
11.28771238,失誤
11.28771238,十年
11.28771238,食指
11.28771238,時常
11.28771238,實惠
11.28771238,實驗
11.28771238,世紀
11.28771238,室外
11.28771238,是非
11.28771238,收費
11.28771238,手套
11.28771238,殊不知
11.28771238,熟食
11.28771238,數字
11.28771238,雙重
11.28771238,水泥
11.28771238,說不定
11.28771238,說不過去
11.28771238,私心
11.28771238,死鹹
11.28771238,四季豆
11.28771238,蘇打
11.28771238,酸度
11.28771238,酸味
11.28771238,蒜頭
11.28771238,隨筆
11.28771238,所見所聞
11.28771238,抬頭
11.28771238,臺灣
11.28771238,檯上
11.28771238,攤子
11.28771238,探訪
11.28771238,湯匙
11.28771238,天堂
11.28771238,同意
11.28771238,偷偷
11.28771238,投降
11.28771238,透過
11.28771238,圖片
11.28771238,推開
11.28771238,外套
11.28771238,玩偶
11.28771238,網上
11.28771238,危險
11.28771238,微波
11.28771238,微醺
11.28771238,味精
11.28771238,為難
11.28771238,溫順
11.28771238,溫馨
11.28771238,聞名
11.28771238,無線
11.28771238,五顆
11.28771238,午間
11.28771238,物價
11.28771238,誤會
11.28771238,稀釋
11.28771238,細密
11.28771238,細嫩
11.28771238,細細
11.28771238,戲院
11.28771238,下層
11.28771238,夏威夷
11.28771238,先前
11.28771238,鮮艷
11.28771238,鮮魚
11.28771238,相機
11.28771238,相似
11.28771238,相遇
11.28771238,向來
11.28771238,消化
11.28771238,消失
11.28771238,小炒
11.28771238,小品
11.28771238,邪惡
11.28771238,鞋子
11.28771238,心理
11.28771238,心裡
11.28771238,心思
11.28771238,心態
11.28771238,心頭
11.28771238,心中
11.28771238,新鮮度
11.28771238,新鮮事
11.28771238,行銷
11.28771238,形式
11.28771238,興奮
11.28771238,興致
11.28771238,宣布
11.28771238,學生
11.28771238,壓驚
11.28771238,牙口
11.28771238,雅緻
11.28771238,嫣紅
11.28771238,眼睛
11.28771238,眼神
11.28771238,樣式
11.28771238,要求
11.28771238,一場
11.28771238,一處
11.28771238,一棟
11.28771238,一端
11.28771238,一個月
11.28771238,一號
11.28771238,一角
11.28771238,一句
11.28771238,一開
11.28771238,一模一樣
11.28771238,一瓶
11.28771238,一時
11.28771238,一台
11.28771238,一套
11.28771238,一頭
11.28771238,一團
11.28771238,一位
11.28771238,一整排
11.28771238,一整天
11.28771238,一隻
11.28771238,衣服
11.28771238,疑慮
11.28771238,以來
11.28771238,異常
11.28771238,意猶未盡
11.28771238,隱藏
11.28771238,隱隱
11.28771238,英國
11.28771238,英文
11.28771238,營區
11.28771238,映入眼簾
11.28771238,硬幣
11.28771238,擁有
11.28771238,用品
11.28771238,悠久
11.28771238,優秀
11.28771238,優雅
11.28771238,由來
11.28771238,猶如
11.28771238,有待
11.28771238,有限
11.28771238,右邊
11.28771238,右手
11.28771238,友善
11.28771238,語氣
11.28771238,預定
11.28771238,預算
11.28771238,原先
11.28771238,圓形
11.28771238,源自
11.28771238,遠眺
11.28771238,遠遠
11.28771238,約莫
11.28771238,月份
11.28771238,越來越
11.28771238,早年
11.28771238,佔據
11.28771238,綻放
11.28771238,戰區
11.28771238,長安
11.28771238,長龍
11.28771238,障礙
11.28771238,這塊
11.28771238,真實
11.28771238,震動
11.28771238,震懾
11.28771238,蒸籠
11.28771238,整合
11.28771238,整潔
11.28771238,整塊
11.28771238,整齊
11.28771238,整套
11.28771238,整體而言
11.28771238,整碗
11.28771238,正餐
11.28771238,汁液
11.28771238,知名度
11.28771238,脂肪
11.28771238,直徑
11.28771238,植物油
11.28771238,指教
11.28771238,置身
11.28771238,中餐
11.28771238,中山路
11.28771238,中藥
11.28771238,周六
11.28771238,周年
11.28771238,朱古力
11.28771238,豬皮
11.28771238,主觀
11.28771238,主軸
11.28771238,住宅
11.28771238,專業
11.28771238,撰文
11.28771238,裝有
11.28771238,總算
11.28771238,走路
11.28771238,走走
11.28771238,足夠
11.28771238,阻止
11.28771238,最高
11.28771238,最好
11.28771238,最先
11.28771238,左上
11.28771238,作用
11.28771238,座標
11.28771238,座椅
11.28771238,做出
11.28771238,aice
11.28771238,albert
11.28771238,cc
11.28771238,chaichai
11.28771238,chris
11.28771238,ck
11.28771238,coffee
11.28771238,costco
11.28771238,der
11.28771238,df
11.28771238,dilbert
11.28771238,dobbs
11.28771238,ec
11.28771238,elaine
11.28771238,greg
11.28771238,habe
11.28771238,hot
11.28771238,hsinchu
11.28771238,httpbobpixnetnetblogpost
11.28771238,httpfindsepixnetnetblogpost
11.28771238,httpiozibopixnetnetblog
11.28771238,httpkaohsiungtoeatpixnetnetblogpost
11.28771238,httppurepixnetnetblog
11.28771238,httppurepixnetnetblogpost
11.28771238,httpswwwfacebookcomcafeyatw
11.28771238,httpswwwfacebookcomiozibofrefts
11.28771238,httpswwwpttccbbsbigbanciaomaadhtml
11.28771238,httpswwwpttccbbsbigbanciaomaahtml
11.28771238,httpswwwpttccbbsfoodmaechtml
11.28771238,httpswwwpttccbbsfoodmaefhtml
11.28771238,httpswwwpttccbbsfoodmaehtml
11.28771238,httpwwwfacebookcompurefans
11.28771238,httpyayayapixnetnetblogpost
11.28771238,id
11.28771238,jojolia
11.28771238,kung
11.28771238,lin
11.28771238,logo
11.28771238,maikeiko
11.28771238,mix
11.28771238,moo
11.28771238,oo
11.28771238,oreo
11.28771238,pass
11.28771238,pm
11.28771238,sauce
11.28771238,set
11.28771238,share
11.28771238,size
11.28771238,sos
11.28771238,spex
11.28771238,tabelog
11.28771238,things
11.28771238,woo
11.28771238,xddddd
11.28771238,xxx
11.28771238,yahttpyayayapixnetnetblog
6.64385619,6
6.64385619,6
6.64385619,10302130
6.64385619,11002130
6.64385619,130
6.64385619,1476503202
6.64385619,1476503270
6.64385619,1476508006
6.64385619,1476509611
6.64385619,1476511338
6.64385619,1476512262
6.64385619,1476512593
6.64385619,1476512969
6.64385619,1476514181
6.64385619,1476520477
6.64385619,1476521344
6.64385619,1476523119
6.64385619,1476529593
6.64385619,1476530743
6.64385619,1476531508
6.64385619,1476531544
6.64385619,1476533153
6.64385619,1476534759
6.64385619,1476538696
6.64385619,1476539166
6.64385619,1476540367
6.64385619,1476541194
6.64385619,1476541893
6.64385619,1476542350
6.64385619,1476542887
6.64385619,1476545010
6.64385619,1476545815
6.64385619,1476545998
6.64385619,1476547465
6.64385619,1476548183
6.64385619,1476548194
6.64385619,1476548197
6.64385619,1476548201
6.64385619,1476548208
6.64385619,1476548269
6.64385619,1476554147
6.64385619,1476562683
6.64385619,1476577762
6.64385619,1476588488
6.64385619,1476589754
6.64385619,1476591735
6.64385619,1476592715
6.64385619,1476592745
6.64385619,1476593396
6.64385619,1476599714
6.64385619,1476600025
6.64385619,1476600501
6.64385619,1476600753
6.64385619,1476600867
6.64385619,1476601894
6.64385619,1476604913
6.64385619,1476605982
6.64385619,1476611597
6.64385619,1476612394
6.64385619,1476612510
6.64385619,1476614943
6.64385619,1476616963
6.64385619,1476618016
6.64385619,1476618901
6.64385619,1476619101
6.64385619,1476620325
6.64385619,1476621771
6.64385619,1476621866
6.64385619,1476621966
6.64385619,1476622555
6.64385619,1476623645
6.64385619,1476625479
6.64385619,1476625804
6.64385619,1476627063
6.64385619,1476627349
6.64385619,1476627562
6.64385619,1476628232
6.64385619,1476628610
6.64385619,1476630657
6.64385619,1476633737
6.64385619,1476634031
6.64385619,1476634860
6.64385619,1476636900
6.64385619,1476641972
6.64385619,1476644408
6.64385619,1476661278
6.64385619,1476666470
6.64385619,1476666761
6.64385619,1476670250
6.64385619,1476670441
6.64385619,1476670513
6.64385619,1476671014
6.64385619,1476672879
6.64385619,1476674020
6.64385619,1476677904
6.64385619,1476680630
6.64385619,1476680703
6.64385619,1476680864
6.64385619,1476681790
6.64385619,1476682586
6.64385619,1476693262
6.64385619,1476694394
6.64385619,1476695690
6.64385619,1476696046
6.64385619,1476696395
6.64385619,150
6.64385619,180
6.64385619,19
6.64385619,２０１３年
6.64385619,２０１６１０月
6.64385619,205
6.64385619,21
6.64385619,214
6.64385619,220
6.64385619,230
6.64385619,230
6.64385619,294
6.64385619,３０１３０元
6.64385619,３０元
6.64385619,31
6.64385619,313
6.64385619,32
6.64385619,33
6.64385619,373
6.64385619,386
6.64385619,405
6.64385619,407
6.64385619,41.9540031
6.64385619,41.95445895
6.64385619,41.95491409
6.64385619,41.95547605
6.64385619,41.95595694
6.64385619,41.95630908
6.64385619,41.95667911
6.64385619,41.95702291
6.64385619,41.95731091
6.64385619,41.95756197
6.64385619,41.95789504
6.64385619,41.95814395
6.64385619,41.95839095
6.64385619,41.95871305
6.64385619,41.95891309
6.64385619,41.95910096
6.64385619,41.95940399
6.64385619,41.95961905
6.64385619,41.95986295
6.64385619,41.96014905
6.64385619,41.96034694
6.64385619,41.960531
6.64385619,41.96083593
6.64385619,41.961169
6.64385619,41.96236205
6.64385619,41.96265006
6.64385619,41.96329093
6.64385619,41.96362591
6.64385619,41.96400809
6.64385619,41.96436
6.64385619,41.96464705
6.64385619,41.96487308
6.64385619,41.9650991
6.64385619,41.96523094
6.64385619,41.96534801
6.64385619,41.96552896
6.64385619,41.96565795
6.64385619,41.96575904
6.64385619,41.96592093
6.64385619,41.96602511
6.64385619,41.96611905
6.64385619,41.96623397
6.64385619,41.96639395
6.64385619,41.96649599
6.64385619,41.96659708
6.64385619,41.96675301
6.64385619,41.9668529
6.64385619,41.96694994
6.64385619,41.967103
6.64385619,41.9671979
6.64385619,41.96733999
6.64385619,41.96749306
6.64385619,41.967592
6.64385619,41.96769404
6.64385619,41.967834
6.64385619,41.96793699
6.64385619,41.9680419
6.64385619,41.9681859
6.64385619,41.96829104
6.64385619,41.96840096
6.64385619,41.96852994
6.64385619,41.96863008
6.64385619,41.96873212
6.64385619,41.96883202
6.64385619,41.96897197
6.64385619,41.969069
6.64385619,41.969172
6.64385619,41.96931601
6.64385619,41.96942592
6.64385619,41.96952391
6.64385619,41.96965504
6.64385619,41.96979189
6.64385619,41.96988392
6.64385619,41.9700079
6.64385619,41.97010994
6.64385619,41.97020411
6.64385619,41.97034597
6.64385619,41.97045493
6.64385619,41.97055006
6.64385619,41.97080112
6.64385619,41.97094893
6.64385619,41.9712019
6.64385619,41.9714179
6.64385619,41.97158599
6.64385619,41.97169304
6.64385619,41.97178698
6.64385619,41.9719131
6.64385619,41.97202492
6.64385619,41.97214007
6.64385619,41.97227502
6.64385619,41.97237992
6.64385619,41.97247601
6.64385619,41.97260404
6.64385619,41.97273993
6.64385619,41.97284293
6.64385619,41.97297096
6.64385619,41.97307396
6.64385619,41.9731741
6.64385619,41.97330189
6.64385619,41.97340703
6.64385619,410
6.64385619,44
6.64385619,462
6.64385619,466
6.64385619,４個
6.64385619,52
6.64385619,538
6.64385619,546
6.64385619,548
6.64385619,59
6.64385619,６０元
6.64385619,63
6.64385619,698
6.64385619,70
6.64385619,796
6.64385619,81
6.64385619,82
6.64385619,83
6.64385619,84
6.64385619,86
6.64385619,869
6.64385619,87
6.64385619,878
6.64385619,89
6.64385619,９０元
6.64385619,929
6.64385619,936
6.64385619,938
6.64385619,955
6.64385619,958
6.64385619,961
6.64385619,971
6.64385619,976
6.64385619,阿爾薩斯
6.64385619,阿哥
6.64385619,阿拉伯
6.64385619,愛將
6.64385619,愛心
6.64385619,礙事
6.64385619,鵪鶉
6.64385619,暗示
6.64385619,黯淡
6.64385619,昂貴
6.64385619,熬夜
6.64385619,奧斯卡
6.64385619,八百元
6.64385619,八層
6.64385619,八分鐘
6.64385619,八夜
6.64385619,巴西
6.64385619,扒雞
6.64385619,霸氣
6.64385619,霸主
6.64385619,掰掰
6.64385619,白白
6.64385619,白醋
6.64385619,白蘿蔔
6.64385619,白米飯
6.64385619,白肉
6.64385619,白砂糖
6.64385619,白天
6.64385619,白玉
6.64385619,白斬雞
6.64385619,百分百
6.64385619,百合
6.64385619,百家
6.64385619,百里
6.64385619,班底
6.64385619,搬家
6.64385619,板凳
6.64385619,半吊子
6.64385619,半年
6.64385619,半日
6.64385619,半生半
6.64385619,半夜
6.64385619,半月
6.64385619,辦公室
6.64385619,辦理
6.64385619,棒球場
6.64385619,磅礡
6.64385619,包場
6.64385619,包裹
6.64385619,包子
6.64385619,薄脆
6.64385619,薄厚
6.64385619,薄片
6.64385619,保護區
6.64385619,保鮮
6.64385619,保險
6.64385619,保養
6.64385619,飽嗝
6.64385619,抱怨
6.64385619,悲哀
6.64385619,北極
6.64385619,北歐
6.64385619,北平
6.64385619,北師大
6.64385619,北新
6.64385619,貝類
6.64385619,被迫
6.64385619,本地
6.64385619,本科
6.64385619,本體
6.64385619,本月
6.64385619,本質
6.64385619,迸發
6.64385619,荸薺
6.64385619,鼻尖
6.64385619,鼻腔
6.64385619,比擬
6.64385619,比薩
6.64385619,比賽
6.64385619,比照
6.64385619,壁畫
6.64385619,避開
6.64385619,避難所
6.64385619,邊陲
6.64385619,匾額
6.64385619,便飯
6.64385619,便利
6.64385619,辨識
6.64385619,變形
6.64385619,標緻
6.64385619,表達
6.64385619,表情
6.64385619,表演
6.64385619,別是
6.64385619,別緻
6.64385619,賓主
6.64385619,濱海
6.64385619,瀕臨
6.64385619,冰櫃
6.64385619,冰塊
6.64385619,冰鎮
6.64385619,冰磚
6.64385619,兵臨城下
6.64385619,並肩
6.64385619,播放器
6.64385619,博愛
6.64385619,不安
6.64385619,不必要
6.64385619,不出所料
6.64385619,不對
6.64385619,不規則
6.64385619,不見
6.64385619,不盡
6.64385619,不禁
6.64385619,不覺
6.64385619,不可思議
6.64385619,不快
6.64385619,不妙
6.64385619,不耐煩
6.64385619,不難
6.64385619,不期而遇
6.64385619,不起眼
6.64385619,不巧
6.64385619,不少分
6.64385619,不少幅
6.64385619,不少整
6.64385619,不是
6.64385619,不言而喻
6.64385619,不一
6.64385619,不亦樂乎
6.64385619,不約而同
6.64385619,不怎麼樣
6.64385619,不知所措
6.64385619,不只
6.64385619,不周
6.64385619,不自量力
6.64385619,布置
6.64385619,猜測
6.64385619,才能
6.64385619,財經
6.64385619,採訪
6.64385619,採買
6.64385619,菜飯
6.64385619,菜價
6.64385619,菜園
6.64385619,參加
6.64385619,參與
6.64385619,參照
6.64385619,餐巾紙
6.64385619,殘留
6.64385619,藏身
6.64385619,糙米飯
6.64385619,草本
6.64385619,草木
6.64385619,草食
6.64385619,草籽
6.64385619,廁所
6.64385619,層層
6.64385619,層次感
6.64385619,層面
6.64385619,層狀
6.64385619,叉子
6.64385619,插畫
6.64385619,插曲
6.64385619,茶點
6.64385619,茶店
6.64385619,茶坊
6.64385619,茶房
6.64385619,茶葉
6.64385619,差距
6.64385619,拆解
6.64385619,產出
6.64385619,產區
6.64385619,懺悔
6.64385619,鯧魚
6.64385619,常識
6.64385619,常溫
6.64385619,徜徉
6.64385619,腸胃
6.64385619,腸衣
6.64385619,場地
6.64385619,場合
6.64385619,場所
6.64385619,場站
6.64385619,超重
6.64385619,朝氣
6.64385619,朝聖
6.64385619,炒鍋
6.64385619,炒作
6.64385619,車庫
6.64385619,車輛
6.64385619,車輪
6.64385619,車上
6.64385619,沉浸
6.64385619,沉迷
6.64385619,沉思
6.64385619,沉醉
6.64385619,陳列
6.64385619,陳年
6.64385619,稱號
6.64385619,稱之為
6.64385619,成分
6.64385619,成果
6.64385619,成熟
6.64385619,成套
6.64385619,成團
6.64385619,成問題
6.64385619,成員
6.64385619,承德
6.64385619,城市
6.64385619,城鎮
6.64385619,乘涼
6.64385619,程序
6.64385619,誠心
6.64385619,吃不消
6.64385619,吃喝玩樂
6.64385619,吃素
6.64385619,吃香
6.64385619,馳名
6.64385619,赤峰
6.64385619,充斥
6.64385619,沖淡
6.64385619,衝撞
6.64385619,抽屜
6.64385619,臭氣
6.64385619,出處
6.64385619,出發
6.64385619,出乎
6.64385619,出乎意料
6.64385619,出類拔萃
6.64385619,出門
6.64385619,出名
6.64385619,出品
6.64385619,出水芙蓉
6.64385619,出眾
6.64385619,初見
6.64385619,初戀
6.64385619,初秋
6.64385619,除掉
6.64385619,櫥窗
6.64385619,櫥櫃
6.64385619,處處
6.64385619,穿梭
6.64385619,船上
6.64385619,傳遞
6.64385619,傳開
6.64385619,傳來
6.64385619,傳說
6.64385619,窗台
6.64385619,創始
6.64385619,創作
6.64385619,垂涎三尺
6.64385619,純樸
6.64385619,純屬
6.64385619,此刻
6.64385619,此類
6.64385619,次品
6.64385619,從江
6.64385619,叢林
6.64385619,湊近
6.64385619,湊趣
6.64385619,粗暴
6.64385619,粗鄙
6.64385619,粗大
6.64385619,醋栗
6.64385619,存疑
6.64385619,存在
6.64385619,錯開
6.64385619,錯綜
6.64385619,答案
6.64385619,達到
6.64385619,打發
6.64385619,打亂
6.64385619,打擾
6.64385619,打散
6.64385619,打烊
6.64385619,打印機
6.64385619,打字機
6.64385619,大阪
6.64385619,大餅
6.64385619,大埔
6.64385619,大部份
6.64385619,大都
6.64385619,大豆
6.64385619,大多數兩三個
6.64385619,大好
6.64385619,大加
6.64385619,大獎
6.64385619,大力
6.64385619,大門口
6.64385619,大名
6.64385619,大盤
6.64385619,大批
6.64385619,大賽
6.64385619,大事
6.64385619,大廳
6.64385619,大頭
6.64385619,大搖大擺
6.64385619,大業
6.64385619,大衣
6.64385619,大意
6.64385619,大月
6.64385619,代溝
6.64385619,待查
6.64385619,待客
6.64385619,帶魚
6.64385619,帶走
6.64385619,袋子
6.64385619,單車
6.64385619,單價
6.64385619,單數
6.64385619,單一
6.64385619,擔擔麵
6.64385619,擔任
6.64385619,但願
6.64385619,淡菜
6.64385619,蛋白
6.64385619,蛋炒飯
6.64385619,彈力
6.64385619,當兵
6.64385619,當成
6.64385619,當年
6.64385619,當前
6.64385619,當日
6.64385619,導航
6.64385619,到場
6.64385619,到貨
6.64385619,到來
6.64385619,到手
6.64385619,到頭
6.64385619,到位
6.64385619,倒水
6.64385619,倒影
6.64385619,道教
6.64385619,道歉
6.64385619,德州
6.64385619,地板
6.64385619,地標
6.64385619,地步
6.64385619,地雷
6.64385619,地利
6.64385619,地上
6.64385619,地下室
6.64385619,地政
6.64385619,登機
6.64385619,登山
6.64385619,燈飾
6.64385619,等分
6.64385619,等份
6.64385619,低廉
6.64385619,低落
6.64385619,第二杯
6.64385619,第二道
6.64385619,第二份
6.64385619,第二個
6.64385619,第二名
6.64385619,第二四
6.64385619,第二種
6.64385619,第號
6.64385619,第間
6.64385619,第起
6.64385619,第三道
6.64385619,第三樣
6.64385619,第條
6.64385619,第一杯
6.64385619,第一餐
6.64385619,第一家
6.64385619,第一間
6.64385619,第一顆
6.64385619,第一輪
6.64385619,第一面
6.64385619,第一盤
6.64385619,第一天
6.64385619,第一眼
6.64385619,第一站
6.64385619,第一種
6.64385619,顛覆
6.64385619,點點
6.64385619,點頭
6.64385619,點種
6.64385619,殿堂
6.64385619,電解
6.64385619,刁民
6.64385619,刁難
6.64385619,刁鑽
6.64385619,調和
6.64385619,調節
6.64385619,調料
6.64385619,調配
6.64385619,調製
6.64385619,叮嚀
6.64385619,頂層
6.64385619,鼎盛
6.64385619,定案
6.64385619,定神
6.64385619,定時
6.64385619,定型
6.64385619,訂價
6.64385619,東北
6.64385619,東南
6.64385619,東南亞
6.64385619,東拼西湊
6.64385619,東坡肉
6.64385619,懂得
6.64385619,凍豆腐
6.64385619,動機
6.64385619,動作
6.64385619,都市
6.64385619,豆瓣
6.64385619,豆芽
6.64385619,逗留
6.64385619,獨處
6.64385619,獨家
6.64385619,獨角獸
6.64385619,獨門
6.64385619,獨一無二
6.64385619,獨占
6.64385619,獨自
6.64385619,渡過
6.64385619,短短
6.64385619,短期
6.64385619,段落
6.64385619,緞帶
6.64385619,斷面
6.64385619,隊伍
6.64385619,對白
6.64385619,對方
6.64385619,對講機
6.64385619,對角
6.64385619,對勁
6.64385619,對蝦
6.64385619,對象
6.64385619,對折
6.64385619,頓時
6.64385619,多層
6.64385619,多層次
6.64385619,多端
6.64385619,多份
6.64385619,多號
6.64385619,多家
6.64385619,多間
6.64385619,多年
6.64385619,多謝
6.64385619,多樣化
6.64385619,多一點點
6.64385619,多一點點點
6.64385619,多一顆
6.64385619,多一組
6.64385619,多元
6.64385619,多月
6.64385619,多只
6.64385619,略勝一籌
6.64385619,略遜一籌
6.64385619,略知一二
6.64385619,惡言
6.64385619,兒女
6.64385619,兒子
6.64385619,耳聞
6.64385619,二層
6.64385619,二代
6.64385619,二二八
6.64385619,二口
6.64385619,二來
6.64385619,二十幾碗
6.64385619,二桌
6.64385619,發布
6.64385619,發揮
6.64385619,發亮
6.64385619,發麻
6.64385619,發展
6.64385619,乏味
6.64385619,法寶
6.64385619,法規
6.64385619,法文
6.64385619,髮夾
6.64385619,髮廊
6.64385619,番薯
6.64385619,翻翻
6.64385619,翻開
6.64385619,繁複
6.64385619,繁榮
6.64385619,繁雜
6.64385619,反客為主
6.64385619,反面
6.64385619,反映
6.64385619,反正
6.64385619,返家
6.64385619,犯規
6.64385619,泛指
6.64385619,飯食
6.64385619,範疇
6.64385619,方面
6.64385619,方麵
6.64385619,房間
6.64385619,放大
6.64385619,放空
6.64385619,放屁
6.64385619,放心
6.64385619,飛魚
6.64385619,肥料
6.64385619,肥瘦
6.64385619,費工
6.64385619,費用
6.64385619,分隔
6.64385619,分家
6.64385619,分解
6.64385619,分裂
6.64385619,分泌
6.64385619,分秒
6.64385619,分配
6.64385619,分數
6.64385619,紛紛
6.64385619,粉墨登場
6.64385619,風塵僕僕
6.64385619,風範
6.64385619,風景
6.64385619,風情
6.64385619,風情萬種
6.64385619,風勢
6.64385619,風行
6.64385619,風雨
6.64385619,鋒面
6.64385619,豐厚
6.64385619,夫唱婦隨
6.64385619,夫婦
6.64385619,夫人
6.64385619,敷衍
6.64385619,膚色
6.64385619,佛教
6.64385619,服務業
6.64385619,服務員
6.64385619,浮屠
6.64385619,浮現
6.64385619,福州
6.64385619,輔助
6.64385619,撫慰
6.64385619,父母親
6.64385619,付費
6.64385619,付款
6.64385619,付現
6.64385619,附和
6.64385619,附設
6.64385619,負擔
6.64385619,負責
6.64385619,副業
6.64385619,婦幼
6.64385619,富貴
6.64385619,富士山
6.64385619,復興
6.64385619,腹部
6.64385619,複雜
6.64385619,複製
6.64385619,覆蓋
6.64385619,改變
6.64385619,改用
6.64385619,柑桔
6.64385619,柑橘
6.64385619,尷尬
6.64385619,感恩
6.64385619,感言
6.64385619,趕到
6.64385619,趕緊
6.64385619,鋼印
6.64385619,高超
6.64385619,高處
6.64385619,高大
6.64385619,高架橋
6.64385619,高價
6.64385619,高難度
6.64385619,高朋滿座
6.64385619,高雅
6.64385619,高中
6.64385619,糕餅
6.64385619,稿費
6.64385619,告一段落
6.64385619,疙瘩
6.64385619,哥哥
6.64385619,格調
6.64385619,格局
6.64385619,格外
6.64385619,隔絕
6.64385619,隔日
6.64385619,閣下
6.64385619,各國
6.64385619,各家
6.64385619,各人
6.64385619,個別
6.64385619,個人化
6.64385619,根部
6.64385619,更何況
6.64385619,更有甚者
6.64385619,工地
6.64385619,工作者
6.64385619,公共
6.64385619,公雞
6.64385619,公爵
6.64385619,公頃
6.64385619,公寓
6.64385619,公主
6.64385619,功夫
6.64385619,功力
6.64385619,功能
6.64385619,功效
6.64385619,功用
6.64385619,供應品
6.64385619,共勉
6.64385619,共同
6.64385619,枸杞
6.64385619,構成
6.64385619,構建
6.64385619,購入
6.64385619,咕咕
6.64385619,辜負
6.64385619,古董
6.64385619,古老
6.64385619,古色古香
6.64385619,股票
6.64385619,鼓勵
6.64385619,故居
6.64385619,顧問
6.64385619,關閉
6.64385619,關東
6.64385619,關鍵
6.64385619,關鍵字
6.64385619,關心
6.64385619,觀看
6.64385619,觀念
6.64385619,觀望
6.64385619,管狀
6.64385619,館內
6.64385619,光復
6.64385619,光景
6.64385619,光影
6.64385619,廣為
6.64385619,規格
6.64385619,規劃
6.64385619,規模
6.64385619,規則
6.64385619,龜裂
6.64385619,歸屬感
6.64385619,軌道
6.64385619,鬼混
6.64385619,滾邊
6.64385619,國際
6.64385619,國外
6.64385619,果不其然
6.64385619,果茶
6.64385619,果仁
6.64385619,果肉
6.64385619,果子
6.64385619,過關
6.64385619,過目
6.64385619,過去
6.64385619,過世
6.64385619,海報
6.64385619,海邊
6.64385619,海島
6.64385619,海港
6.64385619,海鷗
6.64385619,海上
6.64385619,寒冬
6.64385619,航行
6.64385619,毫無
6.64385619,豪華
6.64385619,好比
6.64385619,好處
6.64385619,好幾碗
6.64385619,好幾隻
6.64385619,好似
6.64385619,好手
6.64385619,好說
6.64385619,好玩
6.64385619,好笑
6.64385619,號召
6.64385619,喝茶
6.64385619,合口味
6.64385619,合拍
6.64385619,合體
6.64385619,合宜
6.64385619,何謂
6.64385619,和美
6.64385619,和諧
6.64385619,赫然
6.64385619,很多很多
6.64385619,恨不得
6.64385619,恨死
6.64385619,哼哼
6.64385619,橫膈膜
6.64385619,衡量
6.64385619,宏亮
6.64385619,紅燈籠
6.64385619,紅通通
6.64385619,紅心
6.64385619,紅葉
6.64385619,紅棗
6.64385619,紅嘴
6.64385619,喉嚨
6.64385619,厚道
6.64385619,厚厚的
6.64385619,候選
6.64385619,呼喊
6.64385619,呼呼
6.64385619,呼叫器
6.64385619,呼嘯
6.64385619,胡麻
6.64385619,蝴蝶
6.64385619,互不
6.64385619,花池
6.64385619,花都
6.64385619,花朵
6.64385619,花兒
6.64385619,花甲
6.64385619,花椒
6.64385619,花錢
6.64385619,花生米
6.64385619,花束
6.64385619,花紋
6.64385619,華盛頓州
6.64385619,滑溜
6.64385619,滑梯
6.64385619,化學
6.64385619,化妝室
6.64385619,畫冊
6.64385619,畫畫
6.64385619,話家常
6.64385619,話題
6.64385619,懷抱
6.64385619,歡呼聲
6.64385619,歡喜
6.64385619,環顧
6.64385619,環路
6.64385619,環繞
6.64385619,緩和
6.64385619,緩緩
6.64385619,幻覺
6.64385619,換人
6.64385619,皇家
6.64385619,皇室
6.64385619,恍如
6.64385619,回國
6.64385619,回合
6.64385619,回收
6.64385619,回頭
6.64385619,回味
6.64385619,回味無窮
6.64385619,回想
6.64385619,回應
6.64385619,茴香
6.64385619,會議桌
6.64385619,會長
6.64385619,昏暗
6.64385619,昏黃
6.64385619,渾身
6.64385619,渾圓
6.64385619,混雜
6.64385619,活兒
6.64385619,活力
6.64385619,活潑
6.64385619,活生生
6.64385619,火雞
6.64385619,獲得
6.64385619,獲利
6.64385619,基調
6.64385619,基督
6.64385619,基督徒
6.64385619,基金會
6.64385619,基隆
6.64385619,基因
6.64385619,激烈
6.64385619,激增
6.64385619,急診
6.64385619,極品
6.64385619,極為
6.64385619,集合
6.64385619,集結
6.64385619,集中
6.64385619,嫉妒
6.64385619,幾杯
6.64385619,幾道
6.64385619,幾滴
6.64385619,幾頂
6.64385619,幾分
6.64385619,幾分鐘
6.64385619,幾何
6.64385619,幾類
6.64385619,幾盤
6.64385619,幾瓶
6.64385619,幾千年
6.64385619,幾條
6.64385619,幾下
6.64385619,幾支
6.64385619,幾種
6.64385619,幾桌
6.64385619,擠壓
6.64385619,紀念
6.64385619,紀念碑
6.64385619,紀念品
6.64385619,紀念照
6.64385619,計劃
6.64385619,計價
6.64385619,記性
6.64385619,記憶猶新
6.64385619,寂寞
6.64385619,濟南
6.64385619,加工
6.64385619,加進
6.64385619,加深
6.64385619,加油
6.64385619,夾道
6.64385619,夾子
6.64385619,家常菜
6.64385619,家居服
6.64385619,家人
6.64385619,家園
6.64385619,家族
6.64385619,假期
6.64385619,架設
6.64385619,價差
6.64385619,價目表
6.64385619,堅定
6.64385619,剪影
6.64385619,減低
6.64385619,減弱
6.64385619,減少
6.64385619,簡略
6.64385619,簡訊
6.64385619,見到
6.64385619,見仁見智
6.64385619,見識
6.64385619,建樹
6.64385619,健全
6.64385619,漸漸
6.64385619,鍵盤
6.64385619,僵硬
6.64385619,講話
6.64385619,降低
6.64385619,降落
6.64385619,交給
6.64385619,交接
6.64385619,交界
6.64385619,交織
6.64385619,焦痕
6.64385619,焦黃
6.64385619,焦慮
6.64385619,焦躁
6.64385619,嬌嫩
6.64385619,膠質
6.64385619,驕傲
6.64385619,角色
6.64385619,腳踏車
6.64385619,攪和
6.64385619,叫好
6.64385619,叫號
6.64385619,叫做
6.64385619,教徒
6.64385619,酵母菌
6.64385619,接力
6.64385619,接收
6.64385619,階層
6.64385619,階段
6.64385619,階梯
6.64385619,結構
6.64385619,結尾
6.64385619,節日
6.64385619,姐姐
6.64385619,解惑
6.64385619,介入
6.64385619,芥子
6.64385619,界定
6.64385619,借問
6.64385619,今非昔比
6.64385619,金桔
6.64385619,金牌
6.64385619,僅僅
6.64385619,盡量
6.64385619,盡情
6.64385619,盡興
6.64385619,盡早
6.64385619,緊緊
6.64385619,近距
6.64385619,近來
6.64385619,近年來
6.64385619,浸泡
6.64385619,進場
6.64385619,進出
6.64385619,進軍
6.64385619,進口商
6.64385619,進駐
6.64385619,經濟艙
6.64385619,經年累月
6.64385619,精華
6.64385619,精良
6.64385619,精神
6.64385619,精選
6.64385619,驚呼
6.64385619,井田
6.64385619,景點
6.64385619,景色
6.64385619,景致
6.64385619,景緻
6.64385619,敬請
6.64385619,靜靜的
6.64385619,競爭
6.64385619,久等
6.64385619,韭菜
6.64385619,酒杯
6.64385619,酒廠
6.64385619,酒館
6.64385619,酒瓶
6.64385619,酒香
6.64385619,就坐
6.64385619,舊金山
6.64385619,舊址
6.64385619,居民
6.64385619,居心
6.64385619,桔梗
6.64385619,巨大
6.64385619,拒絕
6.64385619,具體
6.64385619,具有
6.64385619,俱全
6.64385619,聚積
6.64385619,聚集地
6.64385619,劇場
6.64385619,懼怕
6.64385619,捐款箱
6.64385619,決定性
6.64385619,絕不
6.64385619,絕種
6.64385619,覺悟
6.64385619,君子
6.64385619,開動
6.64385619,開關
6.64385619,開門
6.64385619,開設
6.64385619,開玩笑
6.64385619,開業
6.64385619,開張
6.64385619,坎兒
6.64385619,看不到
6.64385619,看上
6.64385619,考驗
6.64385619,靠枕
6.64385619,科技
6.64385619,科學
6.64385619,可不
6.64385619,可憐
6.64385619,可怕
6.64385619,客觀
6.64385619,客戶
6.64385619,肯德基
6.64385619,空空
6.64385619,孔洞
6.64385619,恐怖
6.64385619,恐怕
6.64385619,口徑
6.64385619,口氣
6.64385619,口腔
6.64385619,苦笑
6.64385619,跨過
6.64385619,跨越
6.64385619,快感
6.64385619,快樂
6.64385619,快要
6.64385619,款式
6.64385619,框架
6.64385619,框框
6.64385619,狂升
6.64385619,礦泉水
6.64385619,困惑
6.64385619,喇叭
6.64385619,辣醬油
6.64385619,來不及
6.64385619,來訪
6.64385619,來回
6.64385619,來去
6.64385619,來頭
6.64385619,籃子
6.64385619,欄杆
6.64385619,懶得
6.64385619,懶散
6.64385619,懶洋洋
6.64385619,浪漫
6.64385619,老牌
6.64385619,老婆
6.64385619,老少咸宜
6.64385619,老師
6.64385619,老式
6.64385619,老鼠
6.64385619,老屋
6.64385619,老早
6.64385619,老主顧
6.64385619,肋骨
6.64385619,樂觀
6.64385619,樂趣
6.64385619,樂意
6.64385619,樂園
6.64385619,雷同
6.64385619,類別
6.64385619,類型
6.64385619,冷冰冰
6.64385619,冷藏室
6.64385619,冷汗
6.64385619,冷門
6.64385619,冷氣
6.64385619,愣住
6.64385619,罹難
6.64385619,離家
6.64385619,離去
6.64385619,理念
6.64385619,理想
6.64385619,理由
6.64385619,裡裡外外
6.64385619,力量
6.64385619,力作
6.64385619,例假
6.64385619,荔枝
6.64385619,栗子
6.64385619,連帶
6.64385619,連接
6.64385619,連鎖店
6.64385619,連通
6.64385619,連續
6.64385619,臉皮厚
6.64385619,煉乳
6.64385619,良好
6.64385619,良心
6.64385619,涼菜
6.64385619,兩百多元
6.64385619,兩百五
6.64385619,兩半
6.64385619,兩回事
6.64385619,兩極
6.64385619,兩顆
6.64385619,兩面
6.64385619,兩篇
6.64385619,兩三次
6.64385619,兩三下
6.64385619,兩趟
6.64385619,兩月
6.64385619,兩桌
6.64385619,兩座
6.64385619,列出
6.64385619,列入
6.64385619,列印
6.64385619,裂痕
6.64385619,獵奇
6.64385619,林間
6.64385619,臨海
6.64385619,零食
6.64385619,零嘴
6.64385619,靈感
6.64385619,靈光
6.64385619,靈魂
6.64385619,靈機一動
6.64385619,流竄
6.64385619,流口水
6.64385619,流浪
6.64385619,流食
6.64385619,流淌
6.64385619,流下
6.64385619,留意
6.64385619,留住
6.64385619,瀏覽
6.64385619,六段
6.64385619,六分
6.64385619,六路
6.64385619,六樣
6.64385619,六月
6.64385619,六種
6.64385619,樓房
6.64385619,樓蘭
6.64385619,樓下
6.64385619,陸地
6.64385619,路口
6.64385619,路人
6.64385619,露天
6.64385619,旅居
6.64385619,旅客
6.64385619,旅人
6.64385619,旅途
6.64385619,旅行團
6.64385619,亂跑
6.64385619,論述
6.64385619,螺旋
6.64385619,羅馬
6.64385619,羅馬帝國
6.64385619,羅馬式
6.64385619,羅斯福
6.64385619,落差
6.64385619,落腳處
6.64385619,麻花
6.64385619,麻油
6.64385619,馬克
6.64385619,碼頭
6.64385619,螞蟻
6.64385619,買賣
6.64385619,麥當勞
6.64385619,麥粉
6.64385619,麥子
6.64385619,賣好
6.64385619,邁進
6.64385619,滿腹
6.64385619,滿目
6.64385619,滿意度
6.64385619,滿座
6.64385619,漫畫
6.64385619,漫漫
6.64385619,忙碌
6.64385619,貓頭鷹
6.64385619,毛筆
6.64385619,毛豆
6.64385619,毛髮
6.64385619,冒險
6.64385619,貿易
6.64385619,貌似
6.64385619,沒事
6.64385619,眉頭
6.64385619,每間
6.64385619,每日
6.64385619,每月
6.64385619,每周
6.64385619,美名
6.64385619,美食家
6.64385619,美術
6.64385619,妹妹
6.64385619,門窗
6.64385619,門店
6.64385619,門外
6.64385619,蒙蔽
6.64385619,秘密
6.64385619,密西西比
6.64385619,棉花
6.64385619,綿軟
6.64385619,免不了
6.64385619,免得
6.64385619,勉強
6.64385619,面前
6.64385619,面紙
6.64385619,面子
6.64385619,麵團
6.64385619,麵相
6.64385619,描圖紙
6.64385619,描寫
6.64385619,渺小
6.64385619,民族
6.64385619,敏感度
6.64385619,名列
6.64385619,明白
6.64385619,明媚
6.64385619,明天
6.64385619,摸摸
6.64385619,模樣
6.64385619,摩托車
6.64385619,魔術
6.64385619,莫非
6.64385619,莫名其妙
6.64385619,墨魚
6.64385619,某人
6.64385619,母親
6.64385619,木板
6.64385619,木牌
6.64385619,木屑
6.64385619,木製
6.64385619,目的
6.64385619,苜蓿
6.64385619,募集
6.64385619,慕名
6.64385619,慕名而來
6.64385619,拿下
6.64385619,哪家
6.64385619,那霸
6.64385619,那段
6.64385619,那
6.64385619,那位
6.64385619,那陣子
6.64385619,奈良
6.64385619,耐性
6.64385619,南北
6.64385619,南方
6.64385619,南街
6.64385619,南洋
6.64385619,難道
6.64385619,難找
6.64385619,惱人
6.64385619,腦袋
6.64385619,腦海
6.64385619,鬧脾氣
6.64385619,內能
6.64385619,年代
6.64385619,年年
6.64385619,年輕
6.64385619,年資
6.64385619,念經
6.64385619,念念
6.64385619,念書
6.64385619,釀酒
6.64385619,釀造
6.64385619,鳥巢
6.64385619,凝聚
6.64385619,凝練
6.64385619,檸檬水
6.64385619,檸檬汁
6.64385619,牛車
6.64385619,牛油
6.64385619,農場
6.64385619,濃重
6.64385619,努力
6.64385619,怒火
6.64385619,女兒
6.64385619,女人
6.64385619,女神
6.64385619,女友
6.64385619,女子
6.64385619,糯米紙
6.64385619,爬蟲
6.64385619,拍打
6.64385619,拍拍
6.64385619,排列
6.64385619,排序
6.64385619,攀升
6.64385619,判決
6.64385619,胖胖
6.64385619,泡飯
6.64385619,胚芽
6.64385619,配件
6.64385619,配角
6.64385619,配樂
6.64385619,噴發
6.64385619,噴香
6.64385619,盆子
6.64385619,烹調
6.64385619,烹調法
6.64385619,烹飪
6.64385619,膨脹
6.64385619,碰上
6.64385619,碰運氣
6.64385619,批判
6.64385619,皮包
6.64385619,皮蛋
6.64385619,皮實
6.64385619,啤酒花
6.64385619,偏偏
6.64385619,偏向
6.64385619,票價
6.64385619,漂浮
6.64385619,頻道
6.64385619,平衡
6.64385619,平起平坐
6.64385619,平時
6.64385619,平易近人
6.64385619,平庸
6.64385619,平整
6.64385619,瓶口
6.64385619,評斷
6.64385619,評審
6.64385619,評語
6.64385619,頗具
6.64385619,迫不及待
6.64385619,剖面圖
6.64385619,撲鼻
6.64385619,撲空
6.64385619,普查
6.64385619,樸素
6.64385619,曝曬
6.64385619,七成
6.64385619,七段
6.64385619,七顆
6.64385619,七年
6.64385619,七葉
6.64385619,七月
6.64385619,七宗
6.64385619,期滿
6.64385619,期盼
6.64385619,期望
6.64385619,其他人
6.64385619,奇妙
6.64385619,旗艦
6.64385619,騎車
6.64385619,起床
6.64385619,起碼
6.64385619,起身
6.64385619,起跳
6.64385619,起頭
6.64385619,啟動
6.64385619,汽車
6.64385619,氣候
6.64385619,器具
6.64385619,器皿
6.64385619,千層
6.64385619,千萬
6.64385619,千元
6.64385619,前去
6.64385619,前人種樹
6.64385619,前庭
6.64385619,前衛
6.64385619,前夕
6.64385619,虔誠
6.64385619,錢塘江
6.64385619,淺色
6.64385619,強悍
6.64385619,強化
6.64385619,強硬
6.64385619,薔薇
6.64385619,搶眼
6.64385619,橋頭
6.64385619,巧合
6.64385619,巧妙
6.64385619,切割
6.64385619,切花
6.64385619,切麵
6.64385619,親愛
6.64385619,親臨
6.64385619,親友
6.64385619,親自
6.64385619,禽流感
6.64385619,青草
6.64385619,青椒
6.64385619,青年
6.64385619,青色
6.64385619,清脆
6.64385619,清潔
6.64385619,清理
6.64385619,清流
6.64385619,清明
6.64385619,清盤
6.64385619,清爽型
6.64385619,清洗
6.64385619,清一色
6.64385619,清幽
6.64385619,輕浮
6.64385619,輕輕鬆鬆
6.64385619,輕微
6.64385619,情懷
6.64385619,情人節
6.64385619,晴空
6.64385619,晴朗
6.64385619,慶幸
6.64385619,慶祝
6.64385619,秋天
6.64385619,球拍
6.64385619,球形
6.64385619,曲徑
6.64385619,區分
6.64385619,區塊
6.64385619,取材
6.64385619,取出
6.64385619,取代
6.64385619,取名
6.64385619,取向
6.64385619,取消
6.64385619,去處
6.64385619,趣味性
6.64385619,圈圈
6.64385619,全場
6.64385619,全程
6.64385619,全都
6.64385619,全景
6.64385619,全食
6.64385619,全數
6.64385619,全新
6.64385619,缺乏
6.64385619,缺貨
6.64385619,缺陷
6.64385619,卻步
6.64385619,熱茶
6.64385619,熱潮
6.64385619,熱點
6.64385619,熱呼呼
6.64385619,熱情
6.64385619,熱心
6.64385619,人類
6.64385619,人力
6.64385619,人們
6.64385619,人情
6.64385619,人群
6.64385619,人山人海
6.64385619,人聲鼎沸
6.64385619,人士
6.64385619,人頭
6.64385619,人味
6.64385619,人文
6.64385619,人心
6.64385619,仁愛
6.64385619,任性
6.64385619,任職
6.64385619,認證
6.64385619,日出
6.64385619,日月
6.64385619,容納
6.64385619,容器
6.64385619,容忍
6.64385619,溶化
6.64385619,榮獲
6.64385619,榮幸
6.64385619,柔順
6.64385619,肉桂
6.64385619,肉身
6.64385619,肉食
6.64385619,如下
6.64385619,乳香
6.64385619,乳製品
6.64385619,入場
6.64385619,入選
6.64385619,入住
6.64385619,撒旦
6.64385619,賽車
6.64385619,三次
6.64385619,三分鐘
6.64385619,三份
6.64385619,三記
6.64385619,三家
6.64385619,三款
6.64385619,三毛
6.64385619,三秒
6.64385619,三名
6.64385619,三片
6.64385619,三天
6.64385619,三碗
6.64385619,三鮮湯
6.64385619,三線
6.64385619,三行
6.64385619,三張
6.64385619,三隻
6.64385619,三桌
6.64385619,散步
6.64385619,散會
6.64385619,散開
6.64385619,散文
6.64385619,桑葚
6.64385619,色彩繽紛
6.64385619,色調
6.64385619,色素
6.64385619,澀味
6.64385619,沙鍋
6.64385619,沙龍
6.64385619,殺光
6.64385619,傻笑
6.64385619,傻眼
6.64385619,曬太陽
6.64385619,山城
6.64385619,山谷
6.64385619,珊瑚
6.64385619,陝西
6.64385619,閃光
6.64385619,閃亮
6.64385619,閃閃
6.64385619,擅長
6.64385619,商務
6.64385619,商業
6.64385619,上場
6.64385619,上吊
6.64385619,上端
6.64385619,上回
6.64385619,上火
6.64385619,上門
6.64385619,上算
6.64385619,上台
6.64385619,上圖
6.64385619,上午
6.64385619,上星期
6.64385619,上野
6.64385619,燒酒
6.64385619,燒料
6.64385619,燒香
6.64385619,少不了
6.64385619,少部分
6.64385619,少女
6.64385619,少許
6.64385619,舌尖
6.64385619,捨不得
6.64385619,捨命
6.64385619,捨棄
6.64385619,捨身
6.64385619,社區
6.64385619,社團
6.64385619,設點
6.64385619,設施
6.64385619,攝取
6.64385619,身材
6.64385619,身軀
6.64385619,身上
6.64385619,身體
6.64385619,深沉
6.64385619,深色
6.64385619,深受
6.64385619,深造
6.64385619,神秘
6.64385619,神情
6.64385619,神聖
6.64385619,滲入
6.64385619,生火
6.64385619,生路
6.64385619,生氣
6.64385619,生前
6.64385619,生肉
6.64385619,生鐵
6.64385619,生性
6.64385619,聲音
6.64385619,省略
6.64385619,盛產
6.64385619,盛況
6.64385619,盛夏
6.64385619,盛行
6.64385619,盛裝
6.64385619,勝負
6.64385619,勝利
6.64385619,失敗
6.64385619,失常
6.64385619,失控
6.64385619,施工
6.64385619,師父
6.64385619,獅子
6.64385619,詩情畫意
6.64385619,濕氣
6.64385619,十倍
6.64385619,十分鐘
6.64385619,十九
6.64385619,十數
6.64385619,十碗
6.64385619,十月
6.64385619,石獅
6.64385619,石子
6.64385619,食客
6.64385619,食量
6.64385619,食譜
6.64385619,食文化
6.64385619,時代感
6.64385619,時刻
6.64385619,時期
6.64385619,時時
6.64385619,時鐘
6.64385619,實彈
6.64385619,實習
6.64385619,實至名歸
6.64385619,使然
6.64385619,市北區
6.64385619,市集
6.64385619,市儈
6.64385619,市面
6.64385619,市民
6.64385619,市南區
6.64385619,市中心
6.64385619,事件
6.64385619,事實
6.64385619,事實上
6.64385619,事務所
6.64385619,是因為
6.64385619,勢力
6.64385619,試管
6.64385619,試圖
6.64385619,適量
6.64385619,釋放
6.64385619,收藏
6.64385619,收到
6.64385619,收回
6.64385619,收集
6.64385619,收取
6.64385619,收入
6.64385619,收拾
6.64385619,收尾
6.64385619,手動
6.64385619,手上
6.64385619,手指
6.64385619,手中
6.64385619,首次
6.64385619,首發
6.64385619,首頁
6.64385619,受不了
6.64385619,受到
6.64385619,受傷
6.64385619,受限
6.64385619,售完
6.64385619,壽星
6.64385619,書櫃
6.64385619,書架
6.64385619,書香
6.64385619,書寫
6.64385619,殊榮
6.64385619,輸入
6.64385619,熟記
6.64385619,熟練
6.64385619,熟知
6.64385619,數一數二
6.64385619,樹蔭
6.64385619,刷新
6.64385619,雙層
6.64385619,雙料
6.64385619,雙數
6.64385619,水產
6.64385619,水分
6.64385619,水餃
6.64385619,水龍頭
6.64385619,水墨畫
6.64385619,水平
6.64385619,水頭
6.64385619,水溫
6.64385619,稅金
6.64385619,順道
6.64385619,順利
6.64385619,順勢
6.64385619,順手
6.64385619,說不上
6.64385619,說穿
6.64385619,說服
6.64385619,說明書
6.64385619,說說
6.64385619,私人
6.64385619,思慮
6.64385619,思維
6.64385619,絲毫
6.64385619,絲絨
6.64385619,死心
6.64385619,四川
6.64385619,四方
6.64385619,四季
6.64385619,四角
6.64385619,四面
6.64385619,四五個
6.64385619,四張
6.64385619,四周
6.64385619,飼養
6.64385619,松柏
6.64385619,松針
6.64385619,松子
6.64385619,鬆散
6.64385619,酥軟
6.64385619,俗話說
6.64385619,素材
6.64385619,素淡
6.64385619,素養
6.64385619,素有
6.64385619,訴說
6.64385619,酸黃瓜
6.64385619,隨處
6.64385619,隨即
6.64385619,隨手
6.64385619,隨之而來
6.64385619,歲月
6.64385619,碎片
6.64385619,縮水
6.64385619,所在
6.64385619,鎖定
6.64385619,踏實
6.64385619,台上
6.64385619,抬舉
6.64385619,檯面
6.64385619,太白
6.64385619,太原
6.64385619,泰山
6.64385619,貪吃
6.64385619,攤位
6.64385619,忐忑
6.64385619,坦白
6.64385619,探究
6.64385619,探險
6.64385619,糖醋魚
6.64385619,糖果
6.64385619,糖水
6.64385619,燙傷
6.64385619,陶瓷
6.64385619,討好
6.64385619,討論
6.64385619,特產
6.64385619,特點
6.64385619,特定
6.64385619,特性
6.64385619,特有
6.64385619,藤蔓
6.64385619,藤椅
6.64385619,提出
6.64385619,提起
6.64385619,提前
6.64385619,體表
6.64385619,體會
6.64385619,體積
6.64385619,體檢
6.64385619,體態
6.64385619,體現
6.64385619,天邊
6.64385619,天宮
6.64385619,天神
6.64385619,天天
6.64385619,天下
6.64385619,田地
6.64385619,恬靜
6.64385619,甜椒
6.64385619,甜麵醬
6.64385619,填充
6.64385619,挑食
6.64385619,眺望
6.64385619,跳舞
6.64385619,跳躍
6.64385619,貼近
6.64385619,鐵路
6.64385619,汀洲
6.64385619,聽到
6.64385619,庭園
6.64385619,停留
6.64385619,通關
6.64385619,通化
6.64385619,通往
6.64385619,通知
6.64385619,同行
6.64385619,同一
6.64385619,同源
6.64385619,同桌
6.64385619,童年
6.64385619,銅鑼
6.64385619,統一
6.64385619,投入
6.64385619,投射
6.64385619,投影
6.64385619,骰子
6.64385619,頭等艙
6.64385619,頭腦
6.64385619,透露
6.64385619,透明
6.64385619,突破
6.64385619,突兀
6.64385619,塗抹
6.64385619,圖案
6.64385619,吐血
6.64385619,兔子
6.64385619,團費
6.64385619,團體
6.64385619,團圓
6.64385619,團長
6.64385619,推測
6.64385619,推崇
6.64385619,推銷
6.64385619,退燒
6.64385619,退學
6.64385619,唾液
6.64385619,挖掘
6.64385619,外側
6.64385619,外國
6.64385619,外加
6.64385619,外力
6.64385619,外貌
6.64385619,外圍
6.64385619,完畢
6.64385619,完工
6.64385619,完好
6.64385619,玩樂
6.64385619,宛如
6.64385619,晚安
6.64385619,萬惡
6.64385619,萬里
6.64385619,萬年
6.64385619,萬一輪
6.64385619,王子
6.64385619,往往
6.64385619,微積分
6.64385619,微微的
6.64385619,微笑
6.64385619,唯有
6.64385619,圍觀
6.64385619,違法
6.64385619,違反
6.64385619,維他命
6.64385619,尾數
6.64385619,未果
6.64385619,未免
6.64385619,未能
6.64385619,味兒
6.64385619,衛生紙
6.64385619,溫泉
6.64385619,文化路
6.64385619,文明
6.64385619,文藝復興
6.64385619,紋理
6.64385619,穩當
6.64385619,問問
6.64385619,萵苣
6.64385619,我會
6.64385619,握拳
6.64385619,屋裡
6.64385619,屋內
6.64385619,烏龍茶
6.64385619,鎢絲燈
6.64385619,無關
6.64385619,無花果
6.64385619,無可
6.64385619,無力
6.64385619,無聊
6.64385619,無數
6.64385619,無私
6.64385619,無味
6.64385619,無暇
6.64385619,無限
6.64385619,無緣
6.64385619,五點
6.64385619,五段
6.64385619,五個
6.64385619,五穀
6.64385619,五花肉
6.64385619,五塊
6.64385619,五六
6.64385619,五千
6.64385619,五十
6.64385619,五味
6.64385619,五線譜
6.64385619,五項
6.64385619,五星級
6.64385619,午休
6.64385619,物資
6.64385619,悟性
6.64385619,誤導
6.64385619,誤判
6.64385619,務必
6.64385619,吸附
6.64385619,吸吮
6.64385619,嬉鬧
6.64385619,席地而坐
6.64385619,細心
6.64385619,西餐
6.64385619,西方
6.64385619,西門
6.64385619,狹窄
6.64385619,下回
6.64385619,下降
6.64385619,下麵
6.64385619,下篇
6.64385619,下圖
6.64385619,下雨天
6.64385619,下月
6.64385619,下載
6.64385619,先驅者
6.64385619,鮮紅色
6.64385619,纖細
6.64385619,弦月
6.64385619,嫌棄
6.64385619,鹹菜
6.64385619,顯得
6.64385619,現出
6.64385619,現代人
6.64385619,現金
6.64385619,現任
6.64385619,羨慕
6.64385619,線條
6.64385619,獻醜
6.64385619,相會
6.64385619,相距
6.64385619,相思
6.64385619,香檳
6.64385619,香菜
6.64385619,香醇
6.64385619,香精
6.64385619,香嫩
6.64385619,香噴噴
6.64385619,香氣撲鼻
6.64385619,香水
6.64385619,香酥雞
6.64385619,鄉民
6.64385619,鄉下
6.64385619,享樂
6.64385619,想來
6.64385619,想念
6.64385619,響聲
6.64385619,向上
6.64385619,象山
6.64385619,項目點
6.64385619,消毒
6.64385619,消費者
6.64385619,消滅
6.64385619,消磨
6.64385619,消散
6.64385619,消息
6.64385619,銷路
6.64385619,小調
6.64385619,小伙伴
6.64385619,小結
6.64385619,小看
6.64385619,小路
6.64385619,小氣
6.64385619,小橋流水
6.64385619,小事
6.64385619,小試
6.64385619,小說
6.64385619,小我
6.64385619,小型
6.64385619,小有名氣
6.64385619,小雨
6.64385619,小字
6.64385619,肖像畫
6.64385619,笑容
6.64385619,歇業
6.64385619,協會
6.64385619,斜對面
6.64385619,寫實
6.64385619,寫真
6.64385619,卸貨
6.64385619,邂逅
6.64385619,謝天謝地
6.64385619,心動
6.64385619,心花怒放
6.64385619,心急
6.64385619,心靈
6.64385619,心切
6.64385619,心聲
6.64385619,心想
6.64385619,心眼
6.64385619,心願
6.64385619,辛亥路
6.64385619,辛辣
6.64385619,辛子
6.64385619,欣然
6.64385619,新版
6.64385619,新潮
6.64385619,新生
6.64385619,新鮮感
6.64385619,新型
6.64385619,新穎
6.64385619,星空
6.64385619,星期
6.64385619,星期六
6.64385619,星期日
6.64385619,星期三
6.64385619,行路
6.64385619,行事
6.64385619,行走
6.64385619,形成
6.64385619,形容詞
6.64385619,形象
6.64385619,姓氏
6.64385619,幸好
6.64385619,性格
6.64385619,性質
6.64385619,興起
6.64385619,興嘆
6.64385619,凶猛
6.64385619,熊掌
6.64385619,休假
6.64385619,休學
6.64385619,修復
6.64385619,修改
6.64385619,修行
6.64385619,許多種
6.64385619,許久
6.64385619,許天
6.64385619,宣傳
6.64385619,喧囂
6.64385619,懸掛
6.64385619,選定
6.64385619,選購
6.64385619,選料
6.64385619,選項
6.64385619,絢麗
6.64385619,學分
6.64385619,學習
6.64385619,學院
6.64385619,雪白
6.64385619,鱈魚
6.64385619,血肉
6.64385619,血水
6.64385619,血統
6.64385619,尋找
6.64385619,循環
6.64385619,迅速
6.64385619,鴨蛋
6.64385619,壓力
6.64385619,牙齒
6.64385619,雅致
6.64385619,亞熱帶
6.64385619,煙霧
6.64385619,延吉
6.64385619,延續
6.64385619,延長
6.64385619,言路
6.64385619,炎熱
6.64385619,嚴格
6.64385619,嚴重
6.64385619,鹽罐
6.64385619,眼巴巴
6.64385619,眼尖
6.64385619,眼裡
6.64385619,眼簾
6.64385619,眼睜睜
6.64385619,眼中
6.64385619,演出
6.64385619,演奏
6.64385619,燕麥
6.64385619,洋芋
6.64385619,陽春
6.64385619,陽春麵
6.64385619,陽傘
6.64385619,楊桃
6.64385619,癢癢
6.64385619,邀請
6.64385619,搖動
6.64385619,要衝
6.64385619,要價
6.64385619,藥廠
6.64385619,藥麵
6.64385619,揶揄
6.64385619,野村
6.64385619,野人
6.64385619,夜貓子
6.64385619,夜晚
6.64385619,葉子
6.64385619,一把
6.64385619,一百萬
6.64385619,一百元
6.64385619,一般來說
6.64385619,一倍
6.64385619,一輩
6.64385619,一本
6.64385619,一併
6.64385619,一步步
6.64385619,一側
6.64385619,一籌
6.64385619,一幢
6.64385619,一打
6.64385619,一帶
6.64385619,一袋
6.64385619,一點盤
6.64385619,一點文
6.64385619,一點一點
6.64385619,一疊
6.64385619,一度
6.64385619,一朵
6.64385619,一方
6.64385619,一分
6.64385619,一分為二
6.64385619,一幅
6.64385619,一個杯
6.64385619,一個多月
6.64385619,一個起
6.64385619,一個碗
6.64385619,一個一個
6.64385619,一個元
6.64385619,一回
6.64385619,一會兒十幾碗
6.64385619,一級
6.64385619,一家子
6.64385619,一斤
6.64385619,一類
6.64385619,一粒
6.64385619,一兩
6.64385619,一兩個
6.64385619,一兩口
6.64385619,一兩年
6.64385619,一流
6.64385619,一輪
6.64385619,一脈相承
6.64385619,一枚
6.64385619,一幕
6.64385619,一排
6.64385619,一盆
6.64385619,一批
6.64385619,一品
6.64385619,一如既往
6.64385619,一雙
6.64385619,一趟
6.64385619,一味
6.64385619,一五
6.64385619,一席之地
6.64385619,一系列
6.64385619,一下餐
6.64385619,一下排
6.64385619,一下下
6.64385619,一線
6.64385619,一心
6.64385619,一眼
6.64385619,一一
6.64385619,一隅
6.64385619,一遭
6.64385619,一早
6.64385619,一站
6.64385619,一整份
6.64385619,一整顆
6.64385619,一整塊
6.64385619,一支
6.64385619,一致
6.64385619,一座
6.64385619,衣架
6.64385619,衣衫
6.64385619,衣裝
6.64385619,依據
6.64385619,依稀
6.64385619,怡然
6.64385619,貽笑大方
6.64385619,疑問
6.64385619,以北
6.64385619,異國
6.64385619,異性
6.64385619,意大利
6.64385619,意境
6.64385619,意料
6.64385619,藝術家
6.64385619,藝專
6.64385619,因噎廢食
6.64385619,殷殷
6.64385619,陰霾
6.64385619,陰森
6.64385619,陰雨連綿
6.64385619,銀行
6.64385619,引出
6.64385619,引起
6.64385619,引子
6.64385619,隱約
6.64385619,印度
6.64385619,英倫
6.64385619,英式
6.64385619,應景
6.64385619,應有盡有
6.64385619,櫻花
6.64385619,迎面而來
6.64385619,營利
6.64385619,縈繞
6.64385619,硬是
6.64385619,擁抱
6.64385619,擁擠
6.64385619,踴躍
6.64385619,用力
6.64385619,優劣
6.64385619,油餅
6.64385619,油耗
6.64385619,油雞
6.64385619,油庫
6.64385619,油漆
6.64385619,油然而生
6.64385619,油漬
6.64385619,郵局
6.64385619,有別
6.64385619,有勁
6.64385619,有生
6.64385619,有效
6.64385619,有心
6.64385619,有志
6.64385619,魚刺
6.64385619,魚片
6.64385619,魚湯
6.64385619,魚腥味
6.64385619,魚種
6.64385619,魚子醬
6.64385619,漁夫
6.64385619,雨勢
6.64385619,語助詞
6.64385619,玉米粒
6.64385619,愈加
6.64385619,預防
6.64385619,預留
6.64385619,預先
6.64385619,譽為
6.64385619,元年
6.64385619,元人
6.64385619,原價
6.64385619,原貌
6.64385619,原生
6.64385619,原則
6.64385619,原址
6.64385619,原子彈
6.64385619,園地
6.64385619,圓弧
6.64385619,圓山
6.64385619,圓舞曲
6.64385619,圓圓
6.64385619,圓柱
6.64385619,源源不絕
6.64385619,遠東
6.64385619,遠近
6.64385619,院內
6.64385619,月餅
6.64385619,月初
6.64385619,雲朵
6.64385619,運送
6.64385619,運作
6.64385619,蘊藏
6.64385619,雜糧
6.64385619,災情
6.64385619,栽植
6.64385619,宰殺
6.64385619,再次
6.64385619,在場
6.64385619,暫時
6.64385619,暫停
6.64385619,髒亂
6.64385619,早點
6.64385619,早起
6.64385619,造孽
6.64385619,噪音
6.64385619,責任
6.64385619,嘖嘖
6.64385619,增色
6.64385619,贈送
6.64385619,炸裂
6.64385619,炸魚
6.64385619,窄窄
6.64385619,展開
6.64385619,展覽
6.64385619,展覽館
6.64385619,占地
6.64385619,佔地
6.64385619,佔有
6.64385619,戰鬥
6.64385619,戰友
6.64385619,張貼
6.64385619,長度
6.64385619,長髮
6.64385619,長期
6.64385619,長灘
6.64385619,長相
6.64385619,長桌
6.64385619,掌握
6.64385619,招手
6.64385619,昭和
6.64385619,折斷
6.64385619,折返
6.64385619,著稱
6.64385619,珍藏
6.64385619,真假
6.64385619,真正
6.64385619,陣亡
6.64385619,震驚
6.64385619,爭氣
6.64385619,爭相
6.64385619,蒸餾
6.64385619,整版
6.64385619,整道
6.64385619,整間
6.64385619,整面
6.64385619,整排
6.64385619,整瓶
6.64385619,整天
6.64385619,整條
6.64385619,整整
6.64385619,整座
6.64385619,正比
6.64385619,正當
6.64385619,正當中
6.64385619,正襟危坐
6.64385619,正面
6.64385619,正確
6.64385619,正文
6.64385619,正直
6.64385619,之際
6.64385619,之內
6.64385619,之下
6.64385619,之中
6.64385619,芝麻油
6.64385619,知音
6.64385619,直流
6.64385619,直麵
6.64385619,直至
6.64385619,值得一提
6.64385619,殖民
6.64385619,職責
6.64385619,只不過
6.64385619,只顧
6.64385619,指示
6.64385619,紙袋
6.64385619,至今
6.64385619,制服
6.64385619,秩序
6.64385619,製品
6.64385619,質量
6.64385619,緻密
6.64385619,中大
6.64385619,中等
6.64385619,中風
6.64385619,中高檔
6.64385619,中華
6.64385619,中看
6.64385619,中路
6.64385619,中南
6.64385619,中秋
6.64385619,中世紀
6.64385619,中暑
6.64385619,中文
6.64385619,中心
6.64385619,中用
6.64385619,忠誠
6.64385619,忠言
6.64385619,種麻
6.64385619,種植
6.64385619,種種
6.64385619,重排
6.64385619,周邊
6.64385619,周二
6.64385619,周末
6.64385619,周四
6.64385619,周圍
6.64385619,周五
6.64385619,株式
6.64385619,諸多
6.64385619,豬肚
6.64385619,逐漸
6.64385619,逐一
6.64385619,主動
6.64385619,主攻
6.64385619,主人
6.64385619,主業
6.64385619,主意
6.64385619,矚目
6.64385619,住處
6.64385619,住宿
6.64385619,注入
6.64385619,注重
6.64385619,註解
6.64385619,專攻
6.64385619,專家
6.64385619,專欄
6.64385619,專利
6.64385619,專賣
6.64385619,專人
6.64385619,專屬
6.64385619,磚塊
6.64385619,轉換
6.64385619,轉口
6.64385619,轉念
6.64385619,轉轉
6.64385619,賺錢
6.64385619,裝滿
6.64385619,裝飾品
6.64385619,桌邊
6.64385619,資格
6.64385619,紫色
6.64385619,字數
6.64385619,字型
6.64385619,字樣
6.64385619,自費
6.64385619,自豪
6.64385619,自覺
6.64385619,自然光
6.64385619,自然選擇
6.64385619,自信
6.64385619,自選
6.64385619,自由自在
6.64385619,自在
6.64385619,自主
6.64385619,自助餐
6.64385619,宗教
6.64385619,蹤跡
6.64385619,總會
6.64385619,總統
6.64385619,走道
6.64385619,走近
6.64385619,走人
6.64385619,租金
6.64385619,足足
6.64385619,族群
6.64385619,阻塞
6.64385619,祖母
6.64385619,嘴邊
6.64385619,嘴角
6.64385619,最初
6.64385619,最低
6.64385619,最為
6.64385619,尊重
6.64385619,遵守
6.64385619,昨天
6.64385619,左手
6.64385619,佐餐
6.64385619,作家
6.64385619,作嘔
6.64385619,作響
6.64385619,坐下
6.64385619,座墊
6.64385619,做菜
6.64385619,做好
6.64385619,做事
6.64385619,做作
